Workbook

Sheet README
A1: D10 · Document management, audit & policy repositories
A3: Domain D10: Document management, audit & policy repositories.
A4: Keep a controlled register of policies, contracts, minutes, returns and evidence with retention and review dates, so every number has an auditable trail.
A5: How to use
A6: Copy this workbook into companies/<slug>/domains/D10_document-audit-policy/ before typing. Replace the SAMPLE rows (illustrative Tamil Nadu data) with company data.
A7: Type only into pale-yellow cells; white cells are formulas. Checks › OVERALL must be PASS before any value feeds K01/K02.
A8: Statutory rates are starting values - verify in 01_tamil-nadu/verification-register.md.
A9: Feeds
A10: memory/sources/evidence/ <= evidence rows
A11: D28 governance scorecard <= policy reviews
A12: doctor checklist <= missing locations

Sheet Checks
A1: Checks - OVERALL must be PASS before this domain feeds the kernel
B3: OVERALL | C3: =IF(COUNTIF(C5:C6,"PASS")=COUNT(A5:A6),"PASS","FAIL")
A4: # | B4: check | C4: result
A5: 1 | B5: doc ids unique | C5: =IF(SUMPRODUCT((Documents!A5:A504<>"")*(COUNTIF(Documents!A5:A504,Documents!A5:A504)>1))=0,"PASS","FAIL")
A6: 2 | B6: every document has a location | C6: =IF(Summary!B6=0,"PASS","FAIL")

Sheet Documents
A1: Document & evidence register (one row per controlled document)
A4: doc id | B4: type (policy / contract / board minute / ledger / GST return / payroll / evidence) | C4: title | D4: owner | E4: location (workspace path or DMS link) | F4: document date | G4: retention years (law / policy) | H4: destroy-not-before | I4: last review | J4: review cycle months | K4: review due | L4: review overdue?
A5: POL-001 | B5: policy | C5: Revenue recognition policy (Ind AS 115) | D5: Financial Controller | E5: memory/decisions/ | F5: 46113 | G5: 8 | H5: =IF(OR(A5="",F5=""),"",EDATE(F5,12*G5)) | I5: 46113 | J5: 12 | K5: =IF(OR(A5="",I5="",J5=""),"",EDATE(I5,J5)) | L5: =IF(K5="","",TODAY()>K5)
A6: GST-2627-04 | B6: GST return | C6: GSTR-3B April 2026 | D6: Tax manager | E6: data/raw/gst/ | F6: 46162 | G6: 6 | H6: =IF(OR(A6="",F6=""),"",EDATE(F6,12*G6)) | K6: =IF(OR(A6="",I6="",J6=""),"",EDATE(I6,J6)) | L6: =IF(K6="","",TODAY()>K6)
H7: =IF(OR(A7="",F7=""),"",EDATE(F7,12*G7)) | K7: =IF(OR(A7="",I7="",J7=""),"",EDATE(I7,J7)) | L7: =IF(K7="","",TODAY()>K7)
H8: =IF(OR(A8="",F8=""),"",EDATE(F8,12*G8)) | K8: =IF(OR(A8="",I8="",J8=""),"",EDATE(I8,J8)) | L8: =IF(K8="","",TODAY()>K8)
H9: =IF(OR(A9="",F9=""),"",EDATE(F9,12*G9)) | K9: =IF(OR(A9="",I9="",J9=""),"",EDATE(I9,J9)) | L9: =IF(K9="","",TODAY()>K9)
H10: =IF(OR(A10="",F10=""),"",EDATE(F10,12*G10)) | K10: =IF(OR(A10="",I10="",J10=""),"",EDATE(I10,J10)) | L10: =IF(K10="","",TODAY()>K10)
H11: =IF(OR(A11="",F11=""),"",EDATE(F11,12*G11)) | K11: =IF(OR(A11="",I11="",J11=""),"",EDATE(I11,J11)) | L11: =IF(K11="","",TODAY()>K11)
H12: =IF(OR(A12="",F12=""),"",EDATE(F12,12*G12)) | K12: =IF(OR(A12="",I12="",J12=""),"",EDATE(I12,J12)) | L12: =IF(K12="","",TODAY()>K12)
H13: =IF(OR(A13="",F13=""),"",EDATE(F13,12*G13)) | K13: =IF(OR(A13="",I13="",J13=""),"",EDATE(I13,J13)) | L13: =IF(K13="","",TODAY()>K13)
H14: =IF(OR(A14="",F14=""),"",EDATE(F14,12*G14)) | K14: =IF(OR(A14="",I14="",J14=""),"",EDATE(I14,J14)) | L14: =IF(K14="","",TODAY()>K14)
H15: =IF(OR(A15="",F15=""),"",EDATE(F15,12*G15)) | K15: =IF(OR(A15="",I15="",J15=""),"",EDATE(I15,J15)) | L15: =IF(K15="","",TODAY()>K15)
H16: =IF(OR(A16="",F16=""),"",EDATE(F16,12*G16)) | K16: =IF(OR(A16="",I16="",J16=""),"",EDATE(I16,J16)) | L16: =IF(K16="","",TODAY()>K16)
H17: =IF(OR(A17="",F17=""),"",EDATE(F17,12*G17)) | K17: =IF(OR(A17="",I17="",J17=""),"",EDATE(I17,J17)) | L17: =IF(K17="","",TODAY()>K17)
H18: =IF(OR(A18="",F18=""),"",EDATE(F18,12*G18)) | K18: =IF(OR(A18="",I18="",J18=""),"",EDATE(I18,J18)) | L18: =IF(K18="","",TODAY()>K18)
... H504: =IF(OR(A504="",F504=""),"",EDATE(F504,12*G504)) | K504: =IF(OR(A504="",I504="",J504=""),"",EDATE(I504,J504)) | L504: =IF(K504="","",TODAY()>K504)

Sheet Summary
A1: Audit readiness
A4: documents | B4: =SUMPRODUCT((Documents!A5:A504<>"")*1)
A5: reviews overdue | B5: =COUNTIF(Documents!L5:L504,TRUE)
A6: documents missing location | B6: =SUMPRODUCT((Documents!A5:A504<>"")*(Documents!E5:E504=""))
