Workbook
Name s_open: 'Shock'!$B$5
Name s_loss: 'Shock'!$B$6
Name s_from: 'Shock'!$B$7
Name s_to: 'Shock'!$B$8
Name s_rec: 'Shock'!$B$9
Name s_recw: 'Shock'!$B$10
Name s_extra: 'Shock'!$B$11
Name s_extraw: 'Shock'!$B$12
Name s_defer: 'Shock'!$B$13

Sheet README
A1: D27 · Ad-hoc crisis improvisation
A3: Domain D27: Ad-hoc crisis improvisation.
A4: Fast, disciplined response when the plan breaks: crisis playbooks, a stressed 13-week cash view from K02, a crisis log of decisions, and stakeholder communication templates.
A5: How to use
A6: Copy this workbook into companies/<slug>/domains/D27_crisis-improvisation/ before typing. Replace the SAMPLE rows (illustrative Tamil Nadu data) with company data.
A7: Type only into pale-yellow cells; white cells are formulas. Checks › OVERALL must be PASS before any value feeds K01/K02.
A8: Statutory rates are starting values - verify in 01_tamil-nadu/verification-register.md.
A9: Feeds
A10: K02 baseline weekly cash <= Baseline
A11: D15 risk register <= scenario ids
A12: W08 context corrections <= one-off events

Sheet Checks
A1: Checks - OVERALL must be PASS before this domain feeds the kernel
B3: OVERALL | C3: =IF(COUNTIF(C5:C6,"PASS")=COUNT(A5:A6),"PASS","FAIL")
A4: # | B4: check | C4: result
A5: 1 | B5: from week <= to week | C5: =IF(Shock!$B$7<=Shock!$B$8,"PASS","FAIL")
A6: 2 | B6: loss % within 0..100% | C6: =IF(AND(Shock!$B$6>=0,Shock!$B$6<=1),"PASS","FAIL")

Sheet Baseline
A1: Baseline weekly cash (paste K02 Weekly: week, receipts, disbursements)
A4: week | B4: receipts | C4: disbursements

Sheet Shock
A1: Crisis shock levers (one scenario per copy; id e.g. CR-FLOOD)
A4: scenario id | B4: CR-FLOOD
A5: opening cash
A6: receipts lost % | B6: 0.6
A7: from week | B7: 2
A8: to week | B8: 4
A9: share of lost receipts recovered later | B9: 0.7
A10: recovered in week | B10: 8
A11: extra one-off disbursement | B11: 2500000
A12: extra disbursement week | B12: 3
A13: disbursements deferred % (with consent: vendors, statutory extensions if notified) | B13: 0

Sheet Stressed
A1: Stressed weekly cash
A4: week | B4: lost receipts | C4: recovered receipts | D4: receipts (stressed) | E4: disbursements (stressed) | F4: ending cash (stressed) | G4: negative week helper
A5: =Baseline!A5 | B5: =IF(Baseline!A5="",0,IF(AND(Baseline!A5>=Shock!$B$7,Baseline!A5<=Shock!$B$8),N(Baseline!B5)*Shock!$B$6,0)) | C5: =IF(Baseline!A5="",0,IF(Baseline!A5=Shock!$B$10,SUM($B$5:$B$56)*Shock!$B$9,0)) | D5: =N(Baseline!B5)-B5+C5 | E5: =N(Baseline!C5)*(1-IF(AND(Baseline!A5>=Shock!$B$7,Baseline!A5<=Shock!$B$8),Shock!$B$13,0))+IF(Baseline!A5=Shock!$B$12,Shock!$B$11,0) | F5: =IF(Baseline!A5="","",N(Shock!$B$5)+D5-E5) | G5: =IF(AND(Baseline!A5<>"",N(F5)<0),Baseline!A5,9999)
A6: =Baseline!A6 | B6: =IF(Baseline!A6="",0,IF(AND(Baseline!A6>=Shock!$B$7,Baseline!A6<=Shock!$B$8),N(Baseline!B6)*Shock!$B$6,0)) | C6: =IF(Baseline!A6="",0,IF(Baseline!A6=Shock!$B$10,SUM($B$5:$B$56)*Shock!$B$9,0)) | D6: =N(Baseline!B6)-B6+C6 | E6: =N(Baseline!C6)*(1-IF(AND(Baseline!A6>=Shock!$B$7,Baseline!A6<=Shock!$B$8),Shock!$B$13,0))+IF(Baseline!A6=Shock!$B$12,Shock!$B$11,0) | F6: =IF(Baseline!A6="","",F5+D6-E6) | G6: =IF(AND(Baseline!A6<>"",N(F6)<0),Baseline!A6,9999)
A7: =Baseline!A7 | B7: =IF(Baseline!A7="",0,IF(AND(Baseline!A7>=Shock!$B$7,Baseline!A7<=Shock!$B$8),N(Baseline!B7)*Shock!$B$6,0)) | C7: =IF(Baseline!A7="",0,IF(Baseline!A7=Shock!$B$10,SUM($B$5:$B$56)*Shock!$B$9,0)) | D7: =N(Baseline!B7)-B7+C7 | E7: =N(Baseline!C7)*(1-IF(AND(Baseline!A7>=Shock!$B$7,Baseline!A7<=Shock!$B$8),Shock!$B$13,0))+IF(Baseline!A7=Shock!$B$12,Shock!$B$11,0) | F7: =IF(Baseline!A7="","",F6+D7-E7) | G7: =IF(AND(Baseline!A7<>"",N(F7)<0),Baseline!A7,9999)
A8: =Baseline!A8 | B8: =IF(Baseline!A8="",0,IF(AND(Baseline!A8>=Shock!$B$7,Baseline!A8<=Shock!$B$8),N(Baseline!B8)*Shock!$B$6,0)) | C8: =IF(Baseline!A8="",0,IF(Baseline!A8=Shock!$B$10,SUM($B$5:$B$56)*Shock!$B$9,0)) | D8: =N(Baseline!B8)-B8+C8 | E8: =N(Baseline!C8)*(1-IF(AND(Baseline!A8>=Shock!$B$7,Baseline!A8<=Shock!$B$8),Shock!$B$13,0))+IF(Baseline!A8=Shock!$B$12,Shock!$B$11,0) | F8: =IF(Baseline!A8="","",F7+D8-E8) | G8: =IF(AND(Baseline!A8<>"",N(F8)<0),Baseline!A8,9999)
A9: =Baseline!A9 | B9: =IF(Baseline!A9="",0,IF(AND(Baseline!A9>=Shock!$B$7,Baseline!A9<=Shock!$B$8),N(Baseline!B9)*Shock!$B$6,0)) | C9: =IF(Baseline!A9="",0,IF(Baseline!A9=Shock!$B$10,SUM($B$5:$B$56)*Shock!$B$9,0)) | D9: =N(Baseline!B9)-B9+C9 | E9: =N(Baseline!C9)*(1-IF(AND(Baseline!A9>=Shock!$B$7,Baseline!A9<=Shock!$B$8),Shock!$B$13,0))+IF(Baseline!A9=Shock!$B$12,Shock!$B$11,0) | F9: =IF(Baseline!A9="","",F8+D9-E9) | G9: =IF(AND(Baseline!A9<>"",N(F9)<0),Baseline!A9,9999)
A10: =Baseline!A10 | B10: =IF(Baseline!A10="",0,IF(AND(Baseline!A10>=Shock!$B$7,Baseline!A10<=Shock!$B$8),N(Baseline!B10)*Shock!$B$6,0)) | C10: =IF(Baseline!A10="",0,IF(Baseline!A10=Shock!$B$10,SUM($B$5:$B$56)*Shock!$B$9,0)) | D10: =N(Baseline!B10)-B10+C10 | E10: =N(Baseline!C10)*(1-IF(AND(Baseline!A10>=Shock!$B$7,Baseline!A10<=Shock!$B$8),Shock!$B$13,0))+IF(Baseline!A10=Shock!$B$12,Shock!$B$11,0) | F10: =IF(Baseline!A10="","",F9+D10-E10) | G10: =IF(AND(Baseline!A10<>"",N(F10)<0),Baseline!A10,9999)
A11: =Baseline!A11 | B11: =IF(Baseline!A11="",0,IF(AND(Baseline!A11>=Shock!$B$7,Baseline!A11<=Shock!$B$8),N(Baseline!B11)*Shock!$B$6,0)) | C11: =IF(Baseline!A11="",0,IF(Baseline!A11=Shock!$B$10,SUM($B$5:$B$56)*Shock!$B$9,0)) | D11: =N(Baseline!B11)-B11+C11 | E11: =N(Baseline!C11)*(1-IF(AND(Baseline!A11>=Shock!$B$7,Baseline!A11<=Shock!$B$8),Shock!$B$13,0))+IF(Baseline!A11=Shock!$B$12,Shock!$B$11,0) | F11: =IF(Baseline!A11="","",F10+D11-E11) | G11: =IF(AND(Baseline!A11<>"",N(F11)<0),Baseline!A11,9999)
A12: =Baseline!A12 | B12: =IF(Baseline!A12="",0,IF(AND(Baseline!A12>=Shock!$B$7,Baseline!A12<=Shock!$B$8),N(Baseline!B12)*Shock!$B$6,0)) | C12: =IF(Baseline!A12="",0,IF(Baseline!A12=Shock!$B$10,SUM($B$5:$B$56)*Shock!$B$9,0)) | D12: =N(Baseline!B12)-B12+C12 | E12: =N(Baseline!C12)*(1-IF(AND(Baseline!A12>=Shock!$B$7,Baseline!A12<=Shock!$B$8),Shock!$B$13,0))+IF(Baseline!A12=Shock!$B$12,Shock!$B$11,0) | F12: =IF(Baseline!A12="","",F11+D12-E12) | G12: =IF(AND(Baseline!A12<>"",N(F12)<0),Baseline!A12,9999)
A13: =Baseline!A13 | B13: =IF(Baseline!A13="",0,IF(AND(Baseline!A13>=Shock!$B$7,Baseline!A13<=Shock!$B$8),N(Baseline!B13)*Shock!$B$6,0)) | C13: =IF(Baseline!A13="",0,IF(Baseline!A13=Shock!$B$10,SUM($B$5:$B$56)*Shock!$B$9,0)) | D13: =N(Baseline!B13)-B13+C13 | E13: =N(Baseline!C13)*(1-IF(AND(Baseline!A13>=Shock!$B$7,Baseline!A13<=Shock!$B$8),Shock!$B$13,0))+IF(Baseline!A13=Shock!$B$12,Shock!$B$11,0) | F13: =IF(Baseline!A13="","",F12+D13-E13) | G13: =IF(AND(Baseline!A13<>"",N(F13)<0),Baseline!A13,9999)
A14: =Baseline!A14 | B14: =IF(Baseline!A14="",0,IF(AND(Baseline!A14>=Shock!$B$7,Baseline!A14<=Shock!$B$8),N(Baseline!B14)*Shock!$B$6,0)) | C14: =IF(Baseline!A14="",0,IF(Baseline!A14=Shock!$B$10,SUM($B$5:$B$56)*Shock!$B$9,0)) | D14: =N(Baseline!B14)-B14+C14 | E14: =N(Baseline!C14)*(1-IF(AND(Baseline!A14>=Shock!$B$7,Baseline!A14<=Shock!$B$8),Shock!$B$13,0))+IF(Baseline!A14=Shock!$B$12,Shock!$B$11,0) | F14: =IF(Baseline!A14="","",F13+D14-E14) | G14: =IF(AND(Baseline!A14<>"",N(F14)<0),Baseline!A14,9999)
A15: =Baseline!A15 | B15: =IF(Baseline!A15="",0,IF(AND(Baseline!A15>=Shock!$B$7,Baseline!A15<=Shock!$B$8),N(Baseline!B15)*Shock!$B$6,0)) | C15: =IF(Baseline!A15="",0,IF(Baseline!A15=Shock!$B$10,SUM($B$5:$B$56)*Shock!$B$9,0)) | D15: =N(Baseline!B15)-B15+C15 | E15: =N(Baseline!C15)*(1-IF(AND(Baseline!A15>=Shock!$B$7,Baseline!A15<=Shock!$B$8),Shock!$B$13,0))+IF(Baseline!A15=Shock!$B$12,Shock!$B$11,0) | F15: =IF(Baseline!A15="","",F14+D15-E15) | G15: =IF(AND(Baseline!A15<>"",N(F15)<0),Baseline!A15,9999)
A16: =Baseline!A16 | B16: =IF(Baseline!A16="",0,IF(AND(Baseline!A16>=Shock!$B$7,Baseline!A16<=Shock!$B$8),N(Baseline!B16)*Shock!$B$6,0)) | C16: =IF(Baseline!A16="",0,IF(Baseline!A16=Shock!$B$10,SUM($B$5:$B$56)*Shock!$B$9,0)) | D16: =N(Baseline!B16)-B16+C16 | E16: =N(Baseline!C16)*(1-IF(AND(Baseline!A16>=Shock!$B$7,Baseline!A16<=Shock!$B$8),Shock!$B$13,0))+IF(Baseline!A16=Shock!$B$12,Shock!$B$11,0) | F16: =IF(Baseline!A16="","",F15+D16-E16) | G16: =IF(AND(Baseline!A16<>"",N(F16)<0),Baseline!A16,9999)
A17: =Baseline!A17 | B17: =IF(Baseline!A17="",0,IF(AND(Baseline!A17>=Shock!$B$7,Baseline!A17<=Shock!$B$8),N(Baseline!B17)*Shock!$B$6,0)) | C17: =IF(Baseline!A17="",0,IF(Baseline!A17=Shock!$B$10,SUM($B$5:$B$56)*Shock!$B$9,0)) | D17: =N(Baseline!B17)-B17+C17 | E17: =N(Baseline!C17)*(1-IF(AND(Baseline!A17>=Shock!$B$7,Baseline!A17<=Shock!$B$8),Shock!$B$13,0))+IF(Baseline!A17=Shock!$B$12,Shock!$B$11,0) | F17: =IF(Baseline!A17="","",F16+D17-E17) | G17: =IF(AND(Baseline!A17<>"",N(F17)<0),Baseline!A17,9999)
... A56: =Baseline!A56 | B56: =IF(Baseline!A56="",0,IF(AND(Baseline!A56>=Shock!$B$7,Baseline!A56<=Shock!$B$8),N(Baseline!B56)*Shock!$B$6,0)) | C56: =IF(Baseline!A56="",0,IF(Baseline!A56=Shock!$B$10,SUM($B$5:$B$56)*Shock!$B$9,0)) | D56: =N(Baseline!B56)-B56+C56 | E56: =N(Baseline!C56)*(1-IF(AND(Baseline!A56>=Shock!$B$7,Baseline!A56<=Shock!$B$8),Shock!$B$13,0))+IF(Baseline!A56=Shock!$B$12,Shock!$B$11,0) | F56: =IF(Baseline!A56="","",F55+D56-E56) | G56: =IF(AND(Baseline!A56<>"",N(F56)<0),Baseline!A56,9999)

Sheet Result
A1: Stress result
A4: stressed trough | B4: =MIN(Stressed!F5:F56)
A5: first negative week | B5: =IF(MIN(Stressed!G5:G56)=9999,"none",MIN(Stressed!G5:G56))
A6: decision log entry required (crisis-log.csv) | B6: yes
