Workbook

Sheet README
A1: K09 · Portfolio Learning - priors across same-type clients (no-code kernel)
A3: Replaces openfpa: pyfpa.portfolio (load_portfolio, clients_of_type, best_snapshot, client_driver_value, mine_priors, validate_prior, find_recurring_skills, promote_prior, promote_skill, seed_from_library).
A4: Clients: one row per client workspace listed in portfolio/portfolio.csv with its business type, best (lowest-fitness scored) snapshot and the six mineable driver values from that snapshot - overridden by an APPLIED PARAMETRIC correction on the exact same path.
A5: Mine: for the chosen type, a driver is a prior candidate when >= min_support clients have it AND the coefficient of variation (population stdev / |mean|) <= dispersion_max (default 3 and 0.15; unanimous values = 0). Candidate value = MEDIAN.
A6: Validate (leave-one-out): for each usable client, the peer median (all OTHER same-type clients) is the prior value; re-run that client's K01 copy with the driver overridden, score it with K04 over the SAME lines/weights against recovered actuals, and enter the new fitness. delta = new - original. validated when >= 2 folds and mean delta <= tolerance (default 0).
A7: Skills: a generated skill folder name recurring in >= 3 same-type clients is a candidate. Structural corrections that repeat are an extra human signal.
A8: Everything stays local. Humans ratify every promotion into portfolio/library/ (priors/<type>.csv + library-log.md). Priors are SEEDS; each client's own loop refines them.

Sheet Checks
A1: Checks - OVERALL must be PASS
B3: OVERALL | C3: =IF(COUNTIF(C5:C7,"PASS")=COUNT(A5:A7),"PASS","FAIL") | D3: =COUNTIF(C5:C7,"PASS")&" pass / "&COUNTIF(C5:C7,"FAIL")&" fail / "&(COUNT(A5:A7)-COUNTIF(C5:C7,"PASS")-COUNTIF(C5:C7,"FAIL"))&" error"
A4: # | B4: check | C4: result | D4: detail
A5: 1 | B5: business type chosen | C5: =IF(Setup!B4<>"","PASS","FAIL") | D5: =Setup!B4
A6: 2 | B6: min_support >= 1 and dispersion_max >= 0 | C6: =IF(AND(Setup!B5>=1,Setup!B6>=0),"PASS","FAIL")
A7: 3 | B7: client paths unique | C7: =IF(SUMPRODUCT((Clients!A5:A54<>"")*(COUNTIF(Clients!A5:A54,Clients!A5:A54)>1))=0,"PASS","FAIL")

Sheet Setup
A1: Setup
A4: business type to mine
A5: min_support | B5: 3
A6: dispersion_max (CoV) | B6: 0.15
A7: driver to validate (one of the six) | B7: working_capital.dso_days
A8: validation tolerance | B8: 0

Sheet Clients
A1: Clients (portfolio manifest + best snapshot driver values after applied corrections)
A4: client path | B4: business type | C4: best snapshot label | D4: best fitness | E4: working_capital.dso_days | F4: working_capital.dio_days | G4: working_capital.dpo_days | H4: tax_rate | I4: da_monthly | J4: capex_monthly | K4: of chosen type? | L4: typed working_capital.dso_days | M4: typed working_capital.dio_days | N4: typed working_capital.dpo_days | O4: typed tax_rate | P4: typed da_monthly | Q4: typed capex_monthly
K5: =IF(AND(A5<>"",B5=Setup!$B$4),1,0) | L5: =IF(AND(K5=1,ISNUMBER(E5)),E5,"") | M5: =IF(AND(K5=1,ISNUMBER(F5)),F5,"") | N5: =IF(AND(K5=1,ISNUMBER(G5)),G5,"") | O5: =IF(AND(K5=1,ISNUMBER(H5)),H5,"") | P5: =IF(AND(K5=1,ISNUMBER(I5)),I5,"") | Q5: =IF(AND(K5=1,ISNUMBER(J5)),J5,"")
K6: =IF(AND(A6<>"",B6=Setup!$B$4),1,0) | L6: =IF(AND(K6=1,ISNUMBER(E6)),E6,"") | M6: =IF(AND(K6=1,ISNUMBER(F6)),F6,"") | N6: =IF(AND(K6=1,ISNUMBER(G6)),G6,"") | O6: =IF(AND(K6=1,ISNUMBER(H6)),H6,"") | P6: =IF(AND(K6=1,ISNUMBER(I6)),I6,"") | Q6: =IF(AND(K6=1,ISNUMBER(J6)),J6,"")
K7: =IF(AND(A7<>"",B7=Setup!$B$4),1,0) | L7: =IF(AND(K7=1,ISNUMBER(E7)),E7,"") | M7: =IF(AND(K7=1,ISNUMBER(F7)),F7,"") | N7: =IF(AND(K7=1,ISNUMBER(G7)),G7,"") | O7: =IF(AND(K7=1,ISNUMBER(H7)),H7,"") | P7: =IF(AND(K7=1,ISNUMBER(I7)),I7,"") | Q7: =IF(AND(K7=1,ISNUMBER(J7)),J7,"")
K8: =IF(AND(A8<>"",B8=Setup!$B$4),1,0) | L8: =IF(AND(K8=1,ISNUMBER(E8)),E8,"") | M8: =IF(AND(K8=1,ISNUMBER(F8)),F8,"") | N8: =IF(AND(K8=1,ISNUMBER(G8)),G8,"") | O8: =IF(AND(K8=1,ISNUMBER(H8)),H8,"") | P8: =IF(AND(K8=1,ISNUMBER(I8)),I8,"") | Q8: =IF(AND(K8=1,ISNUMBER(J8)),J8,"")
K9: =IF(AND(A9<>"",B9=Setup!$B$4),1,0) | L9: =IF(AND(K9=1,ISNUMBER(E9)),E9,"") | M9: =IF(AND(K9=1,ISNUMBER(F9)),F9,"") | N9: =IF(AND(K9=1,ISNUMBER(G9)),G9,"") | O9: =IF(AND(K9=1,ISNUMBER(H9)),H9,"") | P9: =IF(AND(K9=1,ISNUMBER(I9)),I9,"") | Q9: =IF(AND(K9=1,ISNUMBER(J9)),J9,"")
K10: =IF(AND(A10<>"",B10=Setup!$B$4),1,0) | L10: =IF(AND(K10=1,ISNUMBER(E10)),E10,"") | M10: =IF(AND(K10=1,ISNUMBER(F10)),F10,"") | N10: =IF(AND(K10=1,ISNUMBER(G10)),G10,"") | O10: =IF(AND(K10=1,ISNUMBER(H10)),H10,"") | P10: =IF(AND(K10=1,ISNUMBER(I10)),I10,"") | Q10: =IF(AND(K10=1,ISNUMBER(J10)),J10,"")
K11: =IF(AND(A11<>"",B11=Setup!$B$4),1,0) | L11: =IF(AND(K11=1,ISNUMBER(E11)),E11,"") | M11: =IF(AND(K11=1,ISNUMBER(F11)),F11,"") | N11: =IF(AND(K11=1,ISNUMBER(G11)),G11,"") | O11: =IF(AND(K11=1,ISNUMBER(H11)),H11,"") | P11: =IF(AND(K11=1,ISNUMBER(I11)),I11,"") | Q11: =IF(AND(K11=1,ISNUMBER(J11)),J11,"")
K12: =IF(AND(A12<>"",B12=Setup!$B$4),1,0) | L12: =IF(AND(K12=1,ISNUMBER(E12)),E12,"") | M12: =IF(AND(K12=1,ISNUMBER(F12)),F12,"") | N12: =IF(AND(K12=1,ISNUMBER(G12)),G12,"") | O12: =IF(AND(K12=1,ISNUMBER(H12)),H12,"") | P12: =IF(AND(K12=1,ISNUMBER(I12)),I12,"") | Q12: =IF(AND(K12=1,ISNUMBER(J12)),J12,"")
K13: =IF(AND(A13<>"",B13=Setup!$B$4),1,0) | L13: =IF(AND(K13=1,ISNUMBER(E13)),E13,"") | M13: =IF(AND(K13=1,ISNUMBER(F13)),F13,"") | N13: =IF(AND(K13=1,ISNUMBER(G13)),G13,"") | O13: =IF(AND(K13=1,ISNUMBER(H13)),H13,"") | P13: =IF(AND(K13=1,ISNUMBER(I13)),I13,"") | Q13: =IF(AND(K13=1,ISNUMBER(J13)),J13,"")
K14: =IF(AND(A14<>"",B14=Setup!$B$4),1,0) | L14: =IF(AND(K14=1,ISNUMBER(E14)),E14,"") | M14: =IF(AND(K14=1,ISNUMBER(F14)),F14,"") | N14: =IF(AND(K14=1,ISNUMBER(G14)),G14,"") | O14: =IF(AND(K14=1,ISNUMBER(H14)),H14,"") | P14: =IF(AND(K14=1,ISNUMBER(I14)),I14,"") | Q14: =IF(AND(K14=1,ISNUMBER(J14)),J14,"")
K15: =IF(AND(A15<>"",B15=Setup!$B$4),1,0) | L15: =IF(AND(K15=1,ISNUMBER(E15)),E15,"") | M15: =IF(AND(K15=1,ISNUMBER(F15)),F15,"") | N15: =IF(AND(K15=1,ISNUMBER(G15)),G15,"") | O15: =IF(AND(K15=1,ISNUMBER(H15)),H15,"") | P15: =IF(AND(K15=1,ISNUMBER(I15)),I15,"") | Q15: =IF(AND(K15=1,ISNUMBER(J15)),J15,"")
K16: =IF(AND(A16<>"",B16=Setup!$B$4),1,0) | L16: =IF(AND(K16=1,ISNUMBER(E16)),E16,"") | M16: =IF(AND(K16=1,ISNUMBER(F16)),F16,"") | N16: =IF(AND(K16=1,ISNUMBER(G16)),G16,"") | O16: =IF(AND(K16=1,ISNUMBER(H16)),H16,"") | P16: =IF(AND(K16=1,ISNUMBER(I16)),I16,"") | Q16: =IF(AND(K16=1,ISNUMBER(J16)),J16,"")
... K54: =IF(AND(A54<>"",B54=Setup!$B$4),1,0) | L54: =IF(AND(K54=1,ISNUMBER(E54)),E54,"") | M54: =IF(AND(K54=1,ISNUMBER(F54)),F54,"") | N54: =IF(AND(K54=1,ISNUMBER(G54)),G54,"") | O54: =IF(AND(K54=1,ISNUMBER(H54)),H54,"") | P54: =IF(AND(K54=1,ISNUMBER(I54)),I54,"") | Q54: =IF(AND(K54=1,ISNUMBER(J54)),J54,"")

Sheet Mine
A1: mine_priors for the chosen type
A4: driver | B4: support (clients with value) | C4: mean | D4: population stdev | E4: CoV | F4: median (prior value) | G4: candidate?
A5: working_capital.dso_days | B5: =SUMPRODUCT(Clients!$K$5:$K$54*ISNUMBER(Clients!$E$5:$E$54)) | C5: =IF(B5=0,"",AVERAGE(Clients!$L$5:$L$54)) | D5: =IF(B5=0,"",STDEVP(Clients!$L$5:$L$54)) | E5: =IF(B5=0,"",IF(D5=0,0,IF(C5=0,"inf",D5/ABS(C5)))) | F5: =IF(B5=0,"",MEDIAN(Clients!$L$5:$L$54)) | G5: =IF(B5=0,FALSE,AND(B5>=Setup!$B$5,E5<>"inf",N(E5)<=Setup!$B$6))
A6: working_capital.dio_days | B6: =SUMPRODUCT(Clients!$K$5:$K$54*ISNUMBER(Clients!$F$5:$F$54)) | C6: =IF(B6=0,"",AVERAGE(Clients!$M$5:$M$54)) | D6: =IF(B6=0,"",STDEVP(Clients!$M$5:$M$54)) | E6: =IF(B6=0,"",IF(D6=0,0,IF(C6=0,"inf",D6/ABS(C6)))) | F6: =IF(B6=0,"",MEDIAN(Clients!$M$5:$M$54)) | G6: =IF(B6=0,FALSE,AND(B6>=Setup!$B$5,E6<>"inf",N(E6)<=Setup!$B$6))
A7: working_capital.dpo_days | B7: =SUMPRODUCT(Clients!$K$5:$K$54*ISNUMBER(Clients!$G$5:$G$54)) | C7: =IF(B7=0,"",AVERAGE(Clients!$N$5:$N$54)) | D7: =IF(B7=0,"",STDEVP(Clients!$N$5:$N$54)) | E7: =IF(B7=0,"",IF(D7=0,0,IF(C7=0,"inf",D7/ABS(C7)))) | F7: =IF(B7=0,"",MEDIAN(Clients!$N$5:$N$54)) | G7: =IF(B7=0,FALSE,AND(B7>=Setup!$B$5,E7<>"inf",N(E7)<=Setup!$B$6))
A8: tax_rate | B8: =SUMPRODUCT(Clients!$K$5:$K$54*ISNUMBER(Clients!$H$5:$H$54)) | C8: =IF(B8=0,"",AVERAGE(Clients!$O$5:$O$54)) | D8: =IF(B8=0,"",STDEVP(Clients!$O$5:$O$54)) | E8: =IF(B8=0,"",IF(D8=0,0,IF(C8=0,"inf",D8/ABS(C8)))) | F8: =IF(B8=0,"",MEDIAN(Clients!$O$5:$O$54)) | G8: =IF(B8=0,FALSE,AND(B8>=Setup!$B$5,E8<>"inf",N(E8)<=Setup!$B$6))
A9: da_monthly | B9: =SUMPRODUCT(Clients!$K$5:$K$54*ISNUMBER(Clients!$I$5:$I$54)) | C9: =IF(B9=0,"",AVERAGE(Clients!$P$5:$P$54)) | D9: =IF(B9=0,"",STDEVP(Clients!$P$5:$P$54)) | E9: =IF(B9=0,"",IF(D9=0,0,IF(C9=0,"inf",D9/ABS(C9)))) | F9: =IF(B9=0,"",MEDIAN(Clients!$P$5:$P$54)) | G9: =IF(B9=0,FALSE,AND(B9>=Setup!$B$5,E9<>"inf",N(E9)<=Setup!$B$6))
A10: capex_monthly | B10: =SUMPRODUCT(Clients!$K$5:$K$54*ISNUMBER(Clients!$J$5:$J$54)) | C10: =IF(B10=0,"",AVERAGE(Clients!$Q$5:$Q$54)) | D10: =IF(B10=0,"",STDEVP(Clients!$Q$5:$Q$54)) | E10: =IF(B10=0,"",IF(D10=0,0,IF(C10=0,"inf",D10/ABS(C10)))) | F10: =IF(B10=0,"",MEDIAN(Clients!$Q$5:$Q$54)) | G10: =IF(B10=0,FALSE,AND(B10>=Setup!$B$5,E10<>"inf",N(E10)<=Setup!$B$6))

Sheet Validate
A1: validate_prior (leave-one-out) for the driver on Setup!B7
J3: helper matrix: values of usable clients excluding the fold row
A4: fold client | B4: usable? (type, snapshot, value) | C4: own value | D4: peer median (prior for this fold) | E4: original fitness | F4: new fitness (enter after re-run) | G4: delta = new - original | J4: fold 1 | K4: fold 2 | L4: fold 3 | M4: fold 4 | N4: fold 5 | O4: fold 6 | P4: fold 7 | Q4: fold 8 | R4: fold 9 | S4: fold 10 | T4: fold 11 | U4: fold 12 | V4: fold 13 | W4: fold 14 | X4: fold 15 | Y4: fold 16 | Z4: fold 17 | AA4: fold 18 | AB4: fold 19 | AC4: fold 20 | AD4: fold 21 | AE4: fold 22 | AF4: fold 23 | AG4: fold 24 | AH4: fold 25 | AI4: fold 26 | AJ4: fold 27 | AK4: fold 28 | AL4: fold 29 | AM4: fold 30 | AN4: fold 31 | AO4: fold 32 | AP4: fold 33 | AQ4: fold 34 | AR4: fold 35 | AS4: fold 36 | AT4: fold 37 | AU4: fold 38 | AV4: fold 39 | AW4: fold 40 | AX4: fold 41 | AY4: fold 42 | AZ4: fold 43 | BA4: fold 44 | BB4: fold 45 | BC4: fold 46 | BD4: fold 47 | BE4: fold 48 | BF4: fold 49 | BG4: fold 50
A5: =IF(Clients!A5="","",Clients!A5) | B5: =IF(A5="",0,IF(AND(Clients!K5=1,ISNUMBER(Clients!D5),ISNUMBER(INDEX(Clients!E5:J5,1,MATCH(Setup!$B$7,Clients!$E$4:$J$4,0)))),1,0)) | C5: =IF(B5=1,INDEX(Clients!E5:J5,1,MATCH(Setup!$B$7,Clients!$E$4:$J$4,0)),"") | D5: =IF(B5<>1,"",IF(COUNT(J5:J54)=0,"",MEDIAN(J5:J54))) | E5: =IF(B5=1,Clients!D5,"") | G5: =IF(AND(B5=1,ISNUMBER(F5)),F5-E5,"") | J5: =IF(OR(0=0,$B$5<>1),"",$C$5) | K5: =IF(OR(0=1,$B$5<>1),"",$C$5) | L5: =IF(OR(0=2,$B$5<>1),"",$C$5) | M5: =IF(OR(0=3,$B$5<>1),"",$C$5) | N5: =IF(OR(0=4,$B$5<>1),"",$C$5) | O5: =IF(OR(0=5,$B$5<>1),"",$C$5) | P5: =IF(OR(0=6,$B$5<>1),"",$C$5) | Q5: =IF(OR(0=7,$B$5<>1),"",$C$5) | R5: =IF(OR(0=8,$B$5<>1),"",$C$5) | S5: =IF(OR(0=9,$B$5<>1),"",$C$5) | T5: =IF(OR(0=10,$B$5<>1),"",$C$5) | U5: =IF(OR(0=11,$B$5<>1),"",$C$5) | V5: =IF(OR(0=12,$B$5<>1),"",$C$5) | W5: =IF(OR(0=13,$B$5<>1),"",$C$5) | X5: =IF(OR(0=14,$B$5<>1),"",$C$5) | Y5: =IF(OR(0=15,$B$5<>1),"",$C$5) | Z5: =IF(OR(0=16,$B$5<>1),"",$C$5) | AA5: =IF(OR(0=17,$B$5<>1),"",$C$5) | AB5: =IF(OR(0=18,$B$5<>1),"",$C$5) | AC5: =IF(OR(0=19,$B$5<>1),"",$C$5) | AD5: =IF(OR(0=20,$B$5<>1),"",$C$5) | AE5: =IF(OR(0=21,$B$5<>1),"",$C$5) | AF5: =IF(OR(0=22,$B$5<>1),"",$C$5) | AG5: =IF(OR(0=23,$B$5<>1),"",$C$5) | AH5: =IF(OR(0=24,$B$5<>1),"",$C$5) | AI5: =IF(OR(0=25,$B$5<>1),"",$C$5) | AJ5: =IF(OR(0=26,$B$5<>1),"",$C$5) | AK5: =IF(OR(0=27,$B$5<>1),"",$C$5) | AL5: =IF(OR(0=28,$B$5<>1),"",$C$5) | AM5: =IF(OR(0=29,$B$5<>1),"",$C$5) | AN5: =IF(OR(0=30,$B$5<>1),"",$C$5) | AO5: =IF(OR(0=31,$B$5<>1),"",$C$5) | AP5: =IF(OR(0=32,$B$5<>1),"",$C$5) | AQ5: =IF(OR(0=33,$B$5<>1),"",$C$5) | AR5: =IF(OR(0=34,$B$5<>1),"",$C$5) | AS5: =IF(OR(0=35,$B$5<>1),"",$C$5) | AT5: =IF(OR(0=36,$B$5<>1),"",$C$5) | AU5: =IF(OR(0=37,$B$5<>1),"",$C$5) | AV5: =IF(OR(0=38,$B$5<>1),"",$C$5) | AW5: =IF(OR(0=39,$B$5<>1),"",$C$5) | AX5: =IF(OR(0=40,$B$5<>1),"",$C$5) | AY5: =IF(OR(0=41,$B$5<>1),"",$C$5) | AZ5: =IF(OR(0=42,$B$5<>1),"",$C$5) | BA5: =IF(OR(0=43,$B$5<>1),"",$C$5) | BB5: =IF(OR(0=44,$B$5<>1),"",$C$5) | BC5: =IF(OR(0=45,$B$5<>1),"",$C$5) | BD5: =IF(OR(0=46,$B$5<>1),"",$C$5) | BE5: =IF(OR(0=47,$B$5<>1),"",$C$5) | BF5: =IF(OR(0=48,$B$5<>1),"",$C$5) | BG5: =IF(OR(0=49,$B$5<>1),"",$C$5)
A6: =IF(Clients!A6="","",Clients!A6) | B6: =IF(A6="",0,IF(AND(Clients!K6=1,ISNUMBER(Clients!D6),ISNUMBER(INDEX(Clients!E6:J6,1,MATCH(Setup!$B$7,Clients!$E$4:$J$4,0)))),1,0)) | C6: =IF(B6=1,INDEX(Clients!E6:J6,1,MATCH(Setup!$B$7,Clients!$E$4:$J$4,0)),"") | D6: =IF(B6<>1,"",IF(COUNT(K5:K54)=0,"",MEDIAN(K5:K54))) | E6: =IF(B6=1,Clients!D6,"") | G6: =IF(AND(B6=1,ISNUMBER(F6)),F6-E6,"") | J6: =IF(OR(1=0,$B$6<>1),"",$C$6) | K6: =IF(OR(1=1,$B$6<>1),"",$C$6) | L6: =IF(OR(1=2,$B$6<>1),"",$C$6) | M6: =IF(OR(1=3,$B$6<>1),"",$C$6) | N6: =IF(OR(1=4,$B$6<>1),"",$C$6) | O6: =IF(OR(1=5,$B$6<>1),"",$C$6) | P6: =IF(OR(1=6,$B$6<>1),"",$C$6) | Q6: =IF(OR(1=7,$B$6<>1),"",$C$6) | R6: =IF(OR(1=8,$B$6<>1),"",$C$6) | S6: =IF(OR(1=9,$B$6<>1),"",$C$6) | T6: =IF(OR(1=10,$B$6<>1),"",$C$6) | U6: =IF(OR(1=11,$B$6<>1),"",$C$6) | V6: =IF(OR(1=12,$B$6<>1),"",$C$6) | W6: =IF(OR(1=13,$B$6<>1),"",$C$6) | X6: =IF(OR(1=14,$B$6<>1),"",$C$6) | Y6: =IF(OR(1=15,$B$6<>1),"",$C$6) | Z6: =IF(OR(1=16,$B$6<>1),"",$C$6) | AA6: =IF(OR(1=17,$B$6<>1),"",$C$6) | AB6: =IF(OR(1=18,$B$6<>1),"",$C$6) | AC6: =IF(OR(1=19,$B$6<>1),"",$C$6) | AD6: =IF(OR(1=20,$B$6<>1),"",$C$6) | AE6: =IF(OR(1=21,$B$6<>1),"",$C$6) | AF6: =IF(OR(1=22,$B$6<>1),"",$C$6) | AG6: =IF(OR(1=23,$B$6<>1),"",$C$6) | AH6: =IF(OR(1=24,$B$6<>1),"",$C$6) | AI6: =IF(OR(1=25,$B$6<>1),"",$C$6) | AJ6: =IF(OR(1=26,$B$6<>1),"",$C$6) | AK6: =IF(OR(1=27,$B$6<>1),"",$C$6) | AL6: =IF(OR(1=28,$B$6<>1),"",$C$6) | AM6: =IF(OR(1=29,$B$6<>1),"",$C$6) | AN6: =IF(OR(1=30,$B$6<>1),"",$C$6) | AO6: =IF(OR(1=31,$B$6<>1),"",$C$6) | AP6: =IF(OR(1=32,$B$6<>1),"",$C$6) | AQ6: =IF(OR(1=33,$B$6<>1),"",$C$6) | AR6: =IF(OR(1=34,$B$6<>1),"",$C$6) | AS6: =IF(OR(1=35,$B$6<>1),"",$C$6) | AT6: =IF(OR(1=36,$B$6<>1),"",$C$6) | AU6: =IF(OR(1=37,$B$6<>1),"",$C$6) | AV6: =IF(OR(1=38,$B$6<>1),"",$C$6) | AW6: =IF(OR(1=39,$B$6<>1),"",$C$6) | AX6: =IF(OR(1=40,$B$6<>1),"",$C$6) | AY6: =IF(OR(1=41,$B$6<>1),"",$C$6) | AZ6: =IF(OR(1=42,$B$6<>1),"",$C$6) | BA6: =IF(OR(1=43,$B$6<>1),"",$C$6) | BB6: =IF(OR(1=44,$B$6<>1),"",$C$6) | BC6: =IF(OR(1=45,$B$6<>1),"",$C$6) | BD6: =IF(OR(1=46,$B$6<>1),"",$C$6) | BE6: =IF(OR(1=47,$B$6<>1),"",$C$6) | BF6: =IF(OR(1=48,$B$6<>1),"",$C$6) | BG6: =IF(OR(1=49,$B$6<>1),"",$C$6)
A7: =IF(Clients!A7="","",Clients!A7) | B7: =IF(A7="",0,IF(AND(Clients!K7=1,ISNUMBER(Clients!D7),ISNUMBER(INDEX(Clients!E7:J7,1,MATCH(Setup!$B$7,Clients!$E$4:$J$4,0)))),1,0)) | C7: =IF(B7=1,INDEX(Clients!E7:J7,1,MATCH(Setup!$B$7,Clients!$E$4:$J$4,0)),"") | D7: =IF(B7<>1,"",IF(COUNT(L5:L54)=0,"",MEDIAN(L5:L54))) | E7: =IF(B7=1,Clients!D7,"") | G7: =IF(AND(B7=1,ISNUMBER(F7)),F7-E7,"") | J7: =IF(OR(2=0,$B$7<>1),"",$C$7) | K7: =IF(OR(2=1,$B$7<>1),"",$C$7) | L7: =IF(OR(2=2,$B$7<>1),"",$C$7) | M7: =IF(OR(2=3,$B$7<>1),"",$C$7) | N7: =IF(OR(2=4,$B$7<>1),"",$C$7) | O7: =IF(OR(2=5,$B$7<>1),"",$C$7) | P7: =IF(OR(2=6,$B$7<>1),"",$C$7) | Q7: =IF(OR(2=7,$B$7<>1),"",$C$7) | R7: =IF(OR(2=8,$B$7<>1),"",$C$7) | S7: =IF(OR(2=9,$B$7<>1),"",$C$7) | T7: =IF(OR(2=10,$B$7<>1),"",$C$7) | U7: =IF(OR(2=11,$B$7<>1),"",$C$7) | V7: =IF(OR(2=12,$B$7<>1),"",$C$7) | W7: =IF(OR(2=13,$B$7<>1),"",$C$7) | X7: =IF(OR(2=14,$B$7<>1),"",$C$7) | Y7: =IF(OR(2=15,$B$7<>1),"",$C$7) | Z7: =IF(OR(2=16,$B$7<>1),"",$C$7) | AA7: =IF(OR(2=17,$B$7<>1),"",$C$7) | AB7: =IF(OR(2=18,$B$7<>1),"",$C$7) | AC7: =IF(OR(2=19,$B$7<>1),"",$C$7) | AD7: =IF(OR(2=20,$B$7<>1),"",$C$7) | AE7: =IF(OR(2=21,$B$7<>1),"",$C$7) | AF7: =IF(OR(2=22,$B$7<>1),"",$C$7) | AG7: =IF(OR(2=23,$B$7<>1),"",$C$7) | AH7: =IF(OR(2=24,$B$7<>1),"",$C$7) | AI7: =IF(OR(2=25,$B$7<>1),"",$C$7) | AJ7: =IF(OR(2=26,$B$7<>1),"",$C$7) | AK7: =IF(OR(2=27,$B$7<>1),"",$C$7) | AL7: =IF(OR(2=28,$B$7<>1),"",$C$7) | AM7: =IF(OR(2=29,$B$7<>1),"",$C$7) | AN7: =IF(OR(2=30,$B$7<>1),"",$C$7) | AO7: =IF(OR(2=31,$B$7<>1),"",$C$7) | AP7: =IF(OR(2=32,$B$7<>1),"",$C$7) | AQ7: =IF(OR(2=33,$B$7<>1),"",$C$7) | AR7: =IF(OR(2=34,$B$7<>1),"",$C$7) | AS7: =IF(OR(2=35,$B$7<>1),"",$C$7) | AT7: =IF(OR(2=36,$B$7<>1),"",$C$7) | AU7: =IF(OR(2=37,$B$7<>1),"",$C$7) | AV7: =IF(OR(2=38,$B$7<>1),"",$C$7) | AW7: =IF(OR(2=39,$B$7<>1),"",$C$7) | AX7: =IF(OR(2=40,$B$7<>1),"",$C$7) | AY7: =IF(OR(2=41,$B$7<>1),"",$C$7) | AZ7: =IF(OR(2=42,$B$7<>1),"",$C$7) | BA7: =IF(OR(2=43,$B$7<>1),"",$C$7) | BB7: =IF(OR(2=44,$B$7<>1),"",$C$7) | BC7: =IF(OR(2=45,$B$7<>1),"",$C$7) | BD7: =IF(OR(2=46,$B$7<>1),"",$C$7) | BE7: =IF(OR(2=47,$B$7<>1),"",$C$7) | BF7: =IF(OR(2=48,$B$7<>1),"",$C$7) | BG7: =IF(OR(2=49,$B$7<>1),"",$C$7)
A8: =IF(Clients!A8="","",Clients!A8) | B8: =IF(A8="",0,IF(AND(Clients!K8=1,ISNUMBER(Clients!D8),ISNUMBER(INDEX(Clients!E8:J8,1,MATCH(Setup!$B$7,Clients!$E$4:$J$4,0)))),1,0)) | C8: =IF(B8=1,INDEX(Clients!E8:J8,1,MATCH(Setup!$B$7,Clients!$E$4:$J$4,0)),"") | D8: =IF(B8<>1,"",IF(COUNT(M5:M54)=0,"",MEDIAN(M5:M54))) | E8: =IF(B8=1,Clients!D8,"") | G8: =IF(AND(B8=1,ISNUMBER(F8)),F8-E8,"") | J8: =IF(OR(3=0,$B$8<>1),"",$C$8) | K8: =IF(OR(3=1,$B$8<>1),"",$C$8) | L8: =IF(OR(3=2,$B$8<>1),"",$C$8) | M8: =IF(OR(3=3,$B$8<>1),"",$C$8) | N8: =IF(OR(3=4,$B$8<>1),"",$C$8) | O8: =IF(OR(3=5,$B$8<>1),"",$C$8) | P8: =IF(OR(3=6,$B$8<>1),"",$C$8) | Q8: =IF(OR(3=7,$B$8<>1),"",$C$8) | R8: =IF(OR(3=8,$B$8<>1),"",$C$8) | S8: =IF(OR(3=9,$B$8<>1),"",$C$8) | T8: =IF(OR(3=10,$B$8<>1),"",$C$8) | U8: =IF(OR(3=11,$B$8<>1),"",$C$8) | V8: =IF(OR(3=12,$B$8<>1),"",$C$8) | W8: =IF(OR(3=13,$B$8<>1),"",$C$8) | X8: =IF(OR(3=14,$B$8<>1),"",$C$8) | Y8: =IF(OR(3=15,$B$8<>1),"",$C$8) | Z8: =IF(OR(3=16,$B$8<>1),"",$C$8) | AA8: =IF(OR(3=17,$B$8<>1),"",$C$8) | AB8: =IF(OR(3=18,$B$8<>1),"",$C$8) | AC8: =IF(OR(3=19,$B$8<>1),"",$C$8) | AD8: =IF(OR(3=20,$B$8<>1),"",$C$8) | AE8: =IF(OR(3=21,$B$8<>1),"",$C$8) | AF8: =IF(OR(3=22,$B$8<>1),"",$C$8) | AG8: =IF(OR(3=23,$B$8<>1),"",$C$8) | AH8: =IF(OR(3=24,$B$8<>1),"",$C$8) | AI8: =IF(OR(3=25,$B$8<>1),"",$C$8) | AJ8: =IF(OR(3=26,$B$8<>1),"",$C$8) | AK8: =IF(OR(3=27,$B$8<>1),"",$C$8) | AL8: =IF(OR(3=28,$B$8<>1),"",$C$8) | AM8: =IF(OR(3=29,$B$8<>1),"",$C$8) | AN8: =IF(OR(3=30,$B$8<>1),"",$C$8) | AO8: =IF(OR(3=31,$B$8<>1),"",$C$8) | AP8: =IF(OR(3=32,$B$8<>1),"",$C$8) | AQ8: =IF(OR(3=33,$B$8<>1),"",$C$8) | AR8: =IF(OR(3=34,$B$8<>1),"",$C$8) | AS8: =IF(OR(3=35,$B$8<>1),"",$C$8) | AT8: =IF(OR(3=36,$B$8<>1),"",$C$8) | AU8: =IF(OR(3=37,$B$8<>1),"",$C$8) | AV8: =IF(OR(3=38,$B$8<>1),"",$C$8) | AW8: =IF(OR(3=39,$B$8<>1),"",$C$8) | AX8: =IF(OR(3=40,$B$8<>1),"",$C$8) | AY8: =IF(OR(3=41,$B$8<>1),"",$C$8) | AZ8: =IF(OR(3=42,$B$8<>1),"",$C$8) | BA8: =IF(OR(3=43,$B$8<>1),"",$C$8) | BB8: =IF(OR(3=44,$B$8<>1),"",$C$8) | BC8: =IF(OR(3=45,$B$8<>1),"",$C$8) | BD8: =IF(OR(3=46,$B$8<>1),"",$C$8) | BE8: =IF(OR(3=47,$B$8<>1),"",$C$8) | BF8: =IF(OR(3=48,$B$8<>1),"",$C$8) | BG8: =IF(OR(3=49,$B$8<>1),"",$C$8)
A9: =IF(Clients!A9="","",Clients!A9) | B9: =IF(A9="",0,IF(AND(Clients!K9=1,ISNUMBER(Clients!D9),ISNUMBER(INDEX(Clients!E9:J9,1,MATCH(Setup!$B$7,Clients!$E$4:$J$4,0)))),1,0)) | C9: =IF(B9=1,INDEX(Clients!E9:J9,1,MATCH(Setup!$B$7,Clients!$E$4:$J$4,0)),"") | D9: =IF(B9<>1,"",IF(COUNT(N5:N54)=0,"",MEDIAN(N5:N54))) | E9: =IF(B9=1,Clients!D9,"") | G9: =IF(AND(B9=1,ISNUMBER(F9)),F9-E9,"") | J9: =IF(OR(4=0,$B$9<>1),"",$C$9) | K9: =IF(OR(4=1,$B$9<>1),"",$C$9) | L9: =IF(OR(4=2,$B$9<>1),"",$C$9) | M9: =IF(OR(4=3,$B$9<>1),"",$C$9) | N9: =IF(OR(4=4,$B$9<>1),"",$C$9) | O9: =IF(OR(4=5,$B$9<>1),"",$C$9) | P9: =IF(OR(4=6,$B$9<>1),"",$C$9) | Q9: =IF(OR(4=7,$B$9<>1),"",$C$9) | R9: =IF(OR(4=8,$B$9<>1),"",$C$9) | S9: =IF(OR(4=9,$B$9<>1),"",$C$9) | T9: =IF(OR(4=10,$B$9<>1),"",$C$9) | U9: =IF(OR(4=11,$B$9<>1),"",$C$9) | V9: =IF(OR(4=12,$B$9<>1),"",$C$9) | W9: =IF(OR(4=13,$B$9<>1),"",$C$9) | X9: =IF(OR(4=14,$B$9<>1),"",$C$9) | Y9: =IF(OR(4=15,$B$9<>1),"",$C$9) | Z9: =IF(OR(4=16,$B$9<>1),"",$C$9) | AA9: =IF(OR(4=17,$B$9<>1),"",$C$9) | AB9: =IF(OR(4=18,$B$9<>1),"",$C$9) | AC9: =IF(OR(4=19,$B$9<>1),"",$C$9) | AD9: =IF(OR(4=20,$B$9<>1),"",$C$9) | AE9: =IF(OR(4=21,$B$9<>1),"",$C$9) | AF9: =IF(OR(4=22,$B$9<>1),"",$C$9) | AG9: =IF(OR(4=23,$B$9<>1),"",$C$9) | AH9: =IF(OR(4=24,$B$9<>1),"",$C$9) | AI9: =IF(OR(4=25,$B$9<>1),"",$C$9) | AJ9: =IF(OR(4=26,$B$9<>1),"",$C$9) | AK9: =IF(OR(4=27,$B$9<>1),"",$C$9) | AL9: =IF(OR(4=28,$B$9<>1),"",$C$9) | AM9: =IF(OR(4=29,$B$9<>1),"",$C$9) | AN9: =IF(OR(4=30,$B$9<>1),"",$C$9) | AO9: =IF(OR(4=31,$B$9<>1),"",$C$9) | AP9: =IF(OR(4=32,$B$9<>1),"",$C$9) | AQ9: =IF(OR(4=33,$B$9<>1),"",$C$9) | AR9: =IF(OR(4=34,$B$9<>1),"",$C$9) | AS9: =IF(OR(4=35,$B$9<>1),"",$C$9) | AT9: =IF(OR(4=36,$B$9<>1),"",$C$9) | AU9: =IF(OR(4=37,$B$9<>1),"",$C$9) | AV9: =IF(OR(4=38,$B$9<>1),"",$C$9) | AW9: =IF(OR(4=39,$B$9<>1),"",$C$9) | AX9: =IF(OR(4=40,$B$9<>1),"",$C$9) | AY9: =IF(OR(4=41,$B$9<>1),"",$C$9) | AZ9: =IF(OR(4=42,$B$9<>1),"",$C$9) | BA9: =IF(OR(4=43,$B$9<>1),"",$C$9) | BB9: =IF(OR(4=44,$B$9<>1),"",$C$9) | BC9: =IF(OR(4=45,$B$9<>1),"",$C$9) | BD9: =IF(OR(4=46,$B$9<>1),"",$C$9) | BE9: =IF(OR(4=47,$B$9<>1),"",$C$9) | BF9: =IF(OR(4=48,$B$9<>1),"",$C$9) | BG9: =IF(OR(4=49,$B$9<>1),"",$C$9)
A10: =IF(Clients!A10="","",Clients!A10) | B10: =IF(A10="",0,IF(AND(Clients!K10=1,ISNUMBER(Clients!D10),ISNUMBER(INDEX(Clients!E10:J10,1,MATCH(Setup!$B$7,Clients!$E$4:$J$4,0)))),1,0)) | C10: =IF(B10=1,INDEX(Clients!E10:J10,1,MATCH(Setup!$B$7,Clients!$E$4:$J$4,0)),"") | D10: =IF(B10<>1,"",IF(COUNT(O5:O54)=0,"",MEDIAN(O5:O54))) | E10: =IF(B10=1,Clients!D10,"") | G10: =IF(AND(B10=1,ISNUMBER(F10)),F10-E10,"") | J10: =IF(OR(5=0,$B$10<>1),"",$C$10) | K10: =IF(OR(5=1,$B$10<>1),"",$C$10) | L10: =IF(OR(5=2,$B$10<>1),"",$C$10) | M10: =IF(OR(5=3,$B$10<>1),"",$C$10) | N10: =IF(OR(5=4,$B$10<>1),"",$C$10) | O10: =IF(OR(5=5,$B$10<>1),"",$C$10) | P10: =IF(OR(5=6,$B$10<>1),"",$C$10) | Q10: =IF(OR(5=7,$B$10<>1),"",$C$10) | R10: =IF(OR(5=8,$B$10<>1),"",$C$10) | S10: =IF(OR(5=9,$B$10<>1),"",$C$10) | T10: =IF(OR(5=10,$B$10<>1),"",$C$10) | U10: =IF(OR(5=11,$B$10<>1),"",$C$10) | V10: =IF(OR(5=12,$B$10<>1),"",$C$10) | W10: =IF(OR(5=13,$B$10<>1),"",$C$10) | X10: =IF(OR(5=14,$B$10<>1),"",$C$10) | Y10: =IF(OR(5=15,$B$10<>1),"",$C$10) | Z10: =IF(OR(5=16,$B$10<>1),"",$C$10) | AA10: =IF(OR(5=17,$B$10<>1),"",$C$10) | AB10: =IF(OR(5=18,$B$10<>1),"",$C$10) | AC10: =IF(OR(5=19,$B$10<>1),"",$C$10) | AD10: =IF(OR(5=20,$B$10<>1),"",$C$10) | AE10: =IF(OR(5=21,$B$10<>1),"",$C$10) | AF10: =IF(OR(5=22,$B$10<>1),"",$C$10) | AG10: =IF(OR(5=23,$B$10<>1),"",$C$10) | AH10: =IF(OR(5=24,$B$10<>1),"",$C$10) | AI10: =IF(OR(5=25,$B$10<>1),"",$C$10) | AJ10: =IF(OR(5=26,$B$10<>1),"",$C$10) | AK10: =IF(OR(5=27,$B$10<>1),"",$C$10) | AL10: =IF(OR(5=28,$B$10<>1),"",$C$10) | AM10: =IF(OR(5=29,$B$10<>1),"",$C$10) | AN10: =IF(OR(5=30,$B$10<>1),"",$C$10) | AO10: =IF(OR(5=31,$B$10<>1),"",$C$10) | AP10: =IF(OR(5=32,$B$10<>1),"",$C$10) | AQ10: =IF(OR(5=33,$B$10<>1),"",$C$10) | AR10: =IF(OR(5=34,$B$10<>1),"",$C$10) | AS10: =IF(OR(5=35,$B$10<>1),"",$C$10) | AT10: =IF(OR(5=36,$B$10<>1),"",$C$10) | AU10: =IF(OR(5=37,$B$10<>1),"",$C$10) | AV10: =IF(OR(5=38,$B$10<>1),"",$C$10) | AW10: =IF(OR(5=39,$B$10<>1),"",$C$10) | AX10: =IF(OR(5=40,$B$10<>1),"",$C$10) | AY10: =IF(OR(5=41,$B$10<>1),"",$C$10) | AZ10: =IF(OR(5=42,$B$10<>1),"",$C$10) | BA10: =IF(OR(5=43,$B$10<>1),"",$C$10) | BB10: =IF(OR(5=44,$B$10<>1),"",$C$10) | BC10: =IF(OR(5=45,$B$10<>1),"",$C$10) | BD10: =IF(OR(5=46,$B$10<>1),"",$C$10) | BE10: =IF(OR(5=47,$B$10<>1),"",$C$10) | BF10: =IF(OR(5=48,$B$10<>1),"",$C$10) | BG10: =IF(OR(5=49,$B$10<>1),"",$C$10)
A11: =IF(Clients!A11="","",Clients!A11) | B11: =IF(A11="",0,IF(AND(Clients!K11=1,ISNUMBER(Clients!D11),ISNUMBER(INDEX(Clients!E11:J11,1,MATCH(Setup!$B$7,Clients!$E$4:$J$4,0)))),1,0)) | C11: =IF(B11=1,INDEX(Clients!E11:J11,1,MATCH(Setup!$B$7,Clients!$E$4:$J$4,0)),"") | D11: =IF(B11<>1,"",IF(COUNT(P5:P54)=0,"",MEDIAN(P5:P54))) | E11: =IF(B11=1,Clients!D11,"") | G11: =IF(AND(B11=1,ISNUMBER(F11)),F11-E11,"") | J11: =IF(OR(6=0,$B$11<>1),"",$C$11) | K11: =IF(OR(6=1,$B$11<>1),"",$C$11) | L11: =IF(OR(6=2,$B$11<>1),"",$C$11) | M11: =IF(OR(6=3,$B$11<>1),"",$C$11) | N11: =IF(OR(6=4,$B$11<>1),"",$C$11) | O11: =IF(OR(6=5,$B$11<>1),"",$C$11) | P11: =IF(OR(6=6,$B$11<>1),"",$C$11) | Q11: =IF(OR(6=7,$B$11<>1),"",$C$11) | R11: =IF(OR(6=8,$B$11<>1),"",$C$11) | S11: =IF(OR(6=9,$B$11<>1),"",$C$11) | T11: =IF(OR(6=10,$B$11<>1),"",$C$11) | U11: =IF(OR(6=11,$B$11<>1),"",$C$11) | V11: =IF(OR(6=12,$B$11<>1),"",$C$11) | W11: =IF(OR(6=13,$B$11<>1),"",$C$11) | X11: =IF(OR(6=14,$B$11<>1),"",$C$11) | Y11: =IF(OR(6=15,$B$11<>1),"",$C$11) | Z11: =IF(OR(6=16,$B$11<>1),"",$C$11) | AA11: =IF(OR(6=17,$B$11<>1),"",$C$11) | AB11: =IF(OR(6=18,$B$11<>1),"",$C$11) | AC11: =IF(OR(6=19,$B$11<>1),"",$C$11) | AD11: =IF(OR(6=20,$B$11<>1),"",$C$11) | AE11: =IF(OR(6=21,$B$11<>1),"",$C$11) | AF11: =IF(OR(6=22,$B$11<>1),"",$C$11) | AG11: =IF(OR(6=23,$B$11<>1),"",$C$11) | AH11: =IF(OR(6=24,$B$11<>1),"",$C$11) | AI11: =IF(OR(6=25,$B$11<>1),"",$C$11) | AJ11: =IF(OR(6=26,$B$11<>1),"",$C$11) | AK11: =IF(OR(6=27,$B$11<>1),"",$C$11) | AL11: =IF(OR(6=28,$B$11<>1),"",$C$11) | AM11: =IF(OR(6=29,$B$11<>1),"",$C$11) | AN11: =IF(OR(6=30,$B$11<>1),"",$C$11) | AO11: =IF(OR(6=31,$B$11<>1),"",$C$11) | AP11: =IF(OR(6=32,$B$11<>1),"",$C$11) | AQ11: =IF(OR(6=33,$B$11<>1),"",$C$11) | AR11: =IF(OR(6=34,$B$11<>1),"",$C$11) | AS11: =IF(OR(6=35,$B$11<>1),"",$C$11) | AT11: =IF(OR(6=36,$B$11<>1),"",$C$11) | AU11: =IF(OR(6=37,$B$11<>1),"",$C$11) | AV11: =IF(OR(6=38,$B$11<>1),"",$C$11) | AW11: =IF(OR(6=39,$B$11<>1),"",$C$11) | AX11: =IF(OR(6=40,$B$11<>1),"",$C$11) | AY11: =IF(OR(6=41,$B$11<>1),"",$C$11) | AZ11: =IF(OR(6=42,$B$11<>1),"",$C$11) | BA11: =IF(OR(6=43,$B$11<>1),"",$C$11) | BB11: =IF(OR(6=44,$B$11<>1),"",$C$11) | BC11: =IF(OR(6=45,$B$11<>1),"",$C$11) | BD11: =IF(OR(6=46,$B$11<>1),"",$C$11) | BE11: =IF(OR(6=47,$B$11<>1),"",$C$11) | BF11: =IF(OR(6=48,$B$11<>1),"",$C$11) | BG11: =IF(OR(6=49,$B$11<>1),"",$C$11)
A12: =IF(Clients!A12="","",Clients!A12) | B12: =IF(A12="",0,IF(AND(Clients!K12=1,ISNUMBER(Clients!D12),ISNUMBER(INDEX(Clients!E12:J12,1,MATCH(Setup!$B$7,Clients!$E$4:$J$4,0)))),1,0)) | C12: =IF(B12=1,INDEX(Clients!E12:J12,1,MATCH(Setup!$B$7,Clients!$E$4:$J$4,0)),"") | D12: =IF(B12<>1,"",IF(COUNT(Q5:Q54)=0,"",MEDIAN(Q5:Q54))) | E12: =IF(B12=1,Clients!D12,"") | G12: =IF(AND(B12=1,ISNUMBER(F12)),F12-E12,"") | J12: =IF(OR(7=0,$B$12<>1),"",$C$12) | K12: =IF(OR(7=1,$B$12<>1),"",$C$12) | L12: =IF(OR(7=2,$B$12<>1),"",$C$12) | M12: =IF(OR(7=3,$B$12<>1),"",$C$12) | N12: =IF(OR(7=4,$B$12<>1),"",$C$12) | O12: =IF(OR(7=5,$B$12<>1),"",$C$12) | P12: =IF(OR(7=6,$B$12<>1),"",$C$12) | Q12: =IF(OR(7=7,$B$12<>1),"",$C$12) | R12: =IF(OR(7=8,$B$12<>1),"",$C$12) | S12: =IF(OR(7=9,$B$12<>1),"",$C$12) | T12: =IF(OR(7=10,$B$12<>1),"",$C$12) | U12: =IF(OR(7=11,$B$12<>1),"",$C$12) | V12: =IF(OR(7=12,$B$12<>1),"",$C$12) | W12: =IF(OR(7=13,$B$12<>1),"",$C$12) | X12: =IF(OR(7=14,$B$12<>1),"",$C$12) | Y12: =IF(OR(7=15,$B$12<>1),"",$C$12) | Z12: =IF(OR(7=16,$B$12<>1),"",$C$12) | AA12: =IF(OR(7=17,$B$12<>1),"",$C$12) | AB12: =IF(OR(7=18,$B$12<>1),"",$C$12) | AC12: =IF(OR(7=19,$B$12<>1),"",$C$12) | AD12: =IF(OR(7=20,$B$12<>1),"",$C$12) | AE12: =IF(OR(7=21,$B$12<>1),"",$C$12) | AF12: =IF(OR(7=22,$B$12<>1),"",$C$12) | AG12: =IF(OR(7=23,$B$12<>1),"",$C$12) | AH12: =IF(OR(7=24,$B$12<>1),"",$C$12) | AI12: =IF(OR(7=25,$B$12<>1),"",$C$12) | AJ12: =IF(OR(7=26,$B$12<>1),"",$C$12) | AK12: =IF(OR(7=27,$B$12<>1),"",$C$12) | AL12: =IF(OR(7=28,$B$12<>1),"",$C$12) | AM12: =IF(OR(7=29,$B$12<>1),"",$C$12) | AN12: =IF(OR(7=30,$B$12<>1),"",$C$12) | AO12: =IF(OR(7=31,$B$12<>1),"",$C$12) | AP12: =IF(OR(7=32,$B$12<>1),"",$C$12) | AQ12: =IF(OR(7=33,$B$12<>1),"",$C$12) | AR12: =IF(OR(7=34,$B$12<>1),"",$C$12) | AS12: =IF(OR(7=35,$B$12<>1),"",$C$12) | AT12: =IF(OR(7=36,$B$12<>1),"",$C$12) | AU12: =IF(OR(7=37,$B$12<>1),"",$C$12) | AV12: =IF(OR(7=38,$B$12<>1),"",$C$12) | AW12: =IF(OR(7=39,$B$12<>1),"",$C$12) | AX12: =IF(OR(7=40,$B$12<>1),"",$C$12) | AY12: =IF(OR(7=41,$B$12<>1),"",$C$12) | AZ12: =IF(OR(7=42,$B$12<>1),"",$C$12) | BA12: =IF(OR(7=43,$B$12<>1),"",$C$12) | BB12: =IF(OR(7=44,$B$12<>1),"",$C$12) | BC12: =IF(OR(7=45,$B$12<>1),"",$C$12) | BD12: =IF(OR(7=46,$B$12<>1),"",$C$12) | BE12: =IF(OR(7=47,$B$12<>1),"",$C$12) | BF12: =IF(OR(7=48,$B$12<>1),"",$C$12) | BG12: =IF(OR(7=49,$B$12<>1),"",$C$12)
A13: =IF(Clients!A13="","",Clients!A13) | B13: =IF(A13="",0,IF(AND(Clients!K13=1,ISNUMBER(Clients!D13),ISNUMBER(INDEX(Clients!E13:J13,1,MATCH(Setup!$B$7,Clients!$E$4:$J$4,0)))),1,0)) | C13: =IF(B13=1,INDEX(Clients!E13:J13,1,MATCH(Setup!$B$7,Clients!$E$4:$J$4,0)),"") | D13: =IF(B13<>1,"",IF(COUNT(R5:R54)=0,"",MEDIAN(R5:R54))) | E13: =IF(B13=1,Clients!D13,"") | G13: =IF(AND(B13=1,ISNUMBER(F13)),F13-E13,"") | J13: =IF(OR(8=0,$B$13<>1),"",$C$13) | K13: =IF(OR(8=1,$B$13<>1),"",$C$13) | L13: =IF(OR(8=2,$B$13<>1),"",$C$13) | M13: =IF(OR(8=3,$B$13<>1),"",$C$13) | N13: =IF(OR(8=4,$B$13<>1),"",$C$13) | O13: =IF(OR(8=5,$B$13<>1),"",$C$13) | P13: =IF(OR(8=6,$B$13<>1),"",$C$13) | Q13: =IF(OR(8=7,$B$13<>1),"",$C$13) | R13: =IF(OR(8=8,$B$13<>1),"",$C$13) | S13: =IF(OR(8=9,$B$13<>1),"",$C$13) | T13: =IF(OR(8=10,$B$13<>1),"",$C$13) | U13: =IF(OR(8=11,$B$13<>1),"",$C$13) | V13: =IF(OR(8=12,$B$13<>1),"",$C$13) | W13: =IF(OR(8=13,$B$13<>1),"",$C$13) | X13: =IF(OR(8=14,$B$13<>1),"",$C$13) | Y13: =IF(OR(8=15,$B$13<>1),"",$C$13) | Z13: =IF(OR(8=16,$B$13<>1),"",$C$13) | AA13: =IF(OR(8=17,$B$13<>1),"",$C$13) | AB13: =IF(OR(8=18,$B$13<>1),"",$C$13) | AC13: =IF(OR(8=19,$B$13<>1),"",$C$13) | AD13: =IF(OR(8=20,$B$13<>1),"",$C$13) | AE13: =IF(OR(8=21,$B$13<>1),"",$C$13) | AF13: =IF(OR(8=22,$B$13<>1),"",$C$13) | AG13: =IF(OR(8=23,$B$13<>1),"",$C$13) | AH13: =IF(OR(8=24,$B$13<>1),"",$C$13) | AI13: =IF(OR(8=25,$B$13<>1),"",$C$13) | AJ13: =IF(OR(8=26,$B$13<>1),"",$C$13) | AK13: =IF(OR(8=27,$B$13<>1),"",$C$13) | AL13: =IF(OR(8=28,$B$13<>1),"",$C$13) | AM13: =IF(OR(8=29,$B$13<>1),"",$C$13) | AN13: =IF(OR(8=30,$B$13<>1),"",$C$13) | AO13: =IF(OR(8=31,$B$13<>1),"",$C$13) | AP13: =IF(OR(8=32,$B$13<>1),"",$C$13) | AQ13: =IF(OR(8=33,$B$13<>1),"",$C$13) | AR13: =IF(OR(8=34,$B$13<>1),"",$C$13) | AS13: =IF(OR(8=35,$B$13<>1),"",$C$13) | AT13: =IF(OR(8=36,$B$13<>1),"",$C$13) | AU13: =IF(OR(8=37,$B$13<>1),"",$C$13) | AV13: =IF(OR(8=38,$B$13<>1),"",$C$13) | AW13: =IF(OR(8=39,$B$13<>1),"",$C$13) | AX13: =IF(OR(8=40,$B$13<>1),"",$C$13) | AY13: =IF(OR(8=41,$B$13<>1),"",$C$13) | AZ13: =IF(OR(8=42,$B$13<>1),"",$C$13) | BA13: =IF(OR(8=43,$B$13<>1),"",$C$13) | BB13: =IF(OR(8=44,$B$13<>1),"",$C$13) | BC13: =IF(OR(8=45,$B$13<>1),"",$C$13) | BD13: =IF(OR(8=46,$B$13<>1),"",$C$13) | BE13: =IF(OR(8=47,$B$13<>1),"",$C$13) | BF13: =IF(OR(8=48,$B$13<>1),"",$C$13) | BG13: =IF(OR(8=49,$B$13<>1),"",$C$13)
A14: =IF(Clients!A14="","",Clients!A14) | B14: =IF(A14="",0,IF(AND(Clients!K14=1,ISNUMBER(Clients!D14),ISNUMBER(INDEX(Clients!E14:J14,1,MATCH(Setup!$B$7,Clients!$E$4:$J$4,0)))),1,0)) | C14: =IF(B14=1,INDEX(Clients!E14:J14,1,MATCH(Setup!$B$7,Clients!$E$4:$J$4,0)),"") | D14: =IF(B14<>1,"",IF(COUNT(S5:S54)=0,"",MEDIAN(S5:S54))) | E14: =IF(B14=1,Clients!D14,"") | G14: =IF(AND(B14=1,ISNUMBER(F14)),F14-E14,"") | J14: =IF(OR(9=0,$B$14<>1),"",$C$14) | K14: =IF(OR(9=1,$B$14<>1),"",$C$14) | L14: =IF(OR(9=2,$B$14<>1),"",$C$14) | M14: =IF(OR(9=3,$B$14<>1),"",$C$14) | N14: =IF(OR(9=4,$B$14<>1),"",$C$14) | O14: =IF(OR(9=5,$B$14<>1),"",$C$14) | P14: =IF(OR(9=6,$B$14<>1),"",$C$14) | Q14: =IF(OR(9=7,$B$14<>1),"",$C$14) | R14: =IF(OR(9=8,$B$14<>1),"",$C$14) | S14: =IF(OR(9=9,$B$14<>1),"",$C$14) | T14: =IF(OR(9=10,$B$14<>1),"",$C$14) | U14: =IF(OR(9=11,$B$14<>1),"",$C$14) | V14: =IF(OR(9=12,$B$14<>1),"",$C$14) | W14: =IF(OR(9=13,$B$14<>1),"",$C$14) | X14: =IF(OR(9=14,$B$14<>1),"",$C$14) | Y14: =IF(OR(9=15,$B$14<>1),"",$C$14) | Z14: =IF(OR(9=16,$B$14<>1),"",$C$14) | AA14: =IF(OR(9=17,$B$14<>1),"",$C$14) | AB14: =IF(OR(9=18,$B$14<>1),"",$C$14) | AC14: =IF(OR(9=19,$B$14<>1),"",$C$14) | AD14: =IF(OR(9=20,$B$14<>1),"",$C$14) | AE14: =IF(OR(9=21,$B$14<>1),"",$C$14) | AF14: =IF(OR(9=22,$B$14<>1),"",$C$14) | AG14: =IF(OR(9=23,$B$14<>1),"",$C$14) | AH14: =IF(OR(9=24,$B$14<>1),"",$C$14) | AI14: =IF(OR(9=25,$B$14<>1),"",$C$14) | AJ14: =IF(OR(9=26,$B$14<>1),"",$C$14) | AK14: =IF(OR(9=27,$B$14<>1),"",$C$14) | AL14: =IF(OR(9=28,$B$14<>1),"",$C$14) | AM14: =IF(OR(9=29,$B$14<>1),"",$C$14) | AN14: =IF(OR(9=30,$B$14<>1),"",$C$14) | AO14: =IF(OR(9=31,$B$14<>1),"",$C$14) | AP14: =IF(OR(9=32,$B$14<>1),"",$C$14) | AQ14: =IF(OR(9=33,$B$14<>1),"",$C$14) | AR14: =IF(OR(9=34,$B$14<>1),"",$C$14) | AS14: =IF(OR(9=35,$B$14<>1),"",$C$14) | AT14: =IF(OR(9=36,$B$14<>1),"",$C$14) | AU14: =IF(OR(9=37,$B$14<>1),"",$C$14) | AV14: =IF(OR(9=38,$B$14<>1),"",$C$14) | AW14: =IF(OR(9=39,$B$14<>1),"",$C$14) | AX14: =IF(OR(9=40,$B$14<>1),"",$C$14) | AY14: =IF(OR(9=41,$B$14<>1),"",$C$14) | AZ14: =IF(OR(9=42,$B$14<>1),"",$C$14) | BA14: =IF(OR(9=43,$B$14<>1),"",$C$14) | BB14: =IF(OR(9=44,$B$14<>1),"",$C$14) | BC14: =IF(OR(9=45,$B$14<>1),"",$C$14) | BD14: =IF(OR(9=46,$B$14<>1),"",$C$14) | BE14: =IF(OR(9=47,$B$14<>1),"",$C$14) | BF14: =IF(OR(9=48,$B$14<>1),"",$C$14) | BG14: =IF(OR(9=49,$B$14<>1),"",$C$14)
A15: =IF(Clients!A15="","",Clients!A15) | B15: =IF(A15="",0,IF(AND(Clients!K15=1,ISNUMBER(Clients!D15),ISNUMBER(INDEX(Clients!E15:J15,1,MATCH(Setup!$B$7,Clients!$E$4:$J$4,0)))),1,0)) | C15: =IF(B15=1,INDEX(Clients!E15:J15,1,MATCH(Setup!$B$7,Clients!$E$4:$J$4,0)),"") | D15: =IF(B15<>1,"",IF(COUNT(T5:T54)=0,"",MEDIAN(T5:T54))) | E15: =IF(B15=1,Clients!D15,"") | G15: =IF(AND(B15=1,ISNUMBER(F15)),F15-E15,"") | J15: =IF(OR(10=0,$B$15<>1),"",$C$15) | K15: =IF(OR(10=1,$B$15<>1),"",$C$15) | L15: =IF(OR(10=2,$B$15<>1),"",$C$15) | M15: =IF(OR(10=3,$B$15<>1),"",$C$15) | N15: =IF(OR(10=4,$B$15<>1),"",$C$15) | O15: =IF(OR(10=5,$B$15<>1),"",$C$15) | P15: =IF(OR(10=6,$B$15<>1),"",$C$15) | Q15: =IF(OR(10=7,$B$15<>1),"",$C$15) | R15: =IF(OR(10=8,$B$15<>1),"",$C$15) | S15: =IF(OR(10=9,$B$15<>1),"",$C$15) | T15: =IF(OR(10=10,$B$15<>1),"",$C$15) | U15: =IF(OR(10=11,$B$15<>1),"",$C$15) | V15: =IF(OR(10=12,$B$15<>1),"",$C$15) | W15: =IF(OR(10=13,$B$15<>1),"",$C$15) | X15: =IF(OR(10=14,$B$15<>1),"",$C$15) | Y15: =IF(OR(10=15,$B$15<>1),"",$C$15) | Z15: =IF(OR(10=16,$B$15<>1),"",$C$15) | AA15: =IF(OR(10=17,$B$15<>1),"",$C$15) | AB15: =IF(OR(10=18,$B$15<>1),"",$C$15) | AC15: =IF(OR(10=19,$B$15<>1),"",$C$15) | AD15: =IF(OR(10=20,$B$15<>1),"",$C$15) | AE15: =IF(OR(10=21,$B$15<>1),"",$C$15) | AF15: =IF(OR(10=22,$B$15<>1),"",$C$15) | AG15: =IF(OR(10=23,$B$15<>1),"",$C$15) | AH15: =IF(OR(10=24,$B$15<>1),"",$C$15) | AI15: =IF(OR(10=25,$B$15<>1),"",$C$15) | AJ15: =IF(OR(10=26,$B$15<>1),"",$C$15) | AK15: =IF(OR(10=27,$B$15<>1),"",$C$15) | AL15: =IF(OR(10=28,$B$15<>1),"",$C$15) | AM15: =IF(OR(10=29,$B$15<>1),"",$C$15) | AN15: =IF(OR(10=30,$B$15<>1),"",$C$15) | AO15: =IF(OR(10=31,$B$15<>1),"",$C$15) | AP15: =IF(OR(10=32,$B$15<>1),"",$C$15) | AQ15: =IF(OR(10=33,$B$15<>1),"",$C$15) | AR15: =IF(OR(10=34,$B$15<>1),"",$C$15) | AS15: =IF(OR(10=35,$B$15<>1),"",$C$15) | AT15: =IF(OR(10=36,$B$15<>1),"",$C$15) | AU15: =IF(OR(10=37,$B$15<>1),"",$C$15) | AV15: =IF(OR(10=38,$B$15<>1),"",$C$15) | AW15: =IF(OR(10=39,$B$15<>1),"",$C$15) | AX15: =IF(OR(10=40,$B$15<>1),"",$C$15) | AY15: =IF(OR(10=41,$B$15<>1),"",$C$15) | AZ15: =IF(OR(10=42,$B$15<>1),"",$C$15) | BA15: =IF(OR(10=43,$B$15<>1),"",$C$15) | BB15: =IF(OR(10=44,$B$15<>1),"",$C$15) | BC15: =IF(OR(10=45,$B$15<>1),"",$C$15) | BD15: =IF(OR(10=46,$B$15<>1),"",$C$15) | BE15: =IF(OR(10=47,$B$15<>1),"",$C$15) | BF15: =IF(OR(10=48,$B$15<>1),"",$C$15) | BG15: =IF(OR(10=49,$B$15<>1),"",$C$15)
A16: =IF(Clients!A16="","",Clients!A16) | B16: =IF(A16="",0,IF(AND(Clients!K16=1,ISNUMBER(Clients!D16),ISNUMBER(INDEX(Clients!E16:J16,1,MATCH(Setup!$B$7,Clients!$E$4:$J$4,0)))),1,0)) | C16: =IF(B16=1,INDEX(Clients!E16:J16,1,MATCH(Setup!$B$7,Clients!$E$4:$J$4,0)),"") | D16: =IF(B16<>1,"",IF(COUNT(U5:U54)=0,"",MEDIAN(U5:U54))) | E16: =IF(B16=1,Clients!D16,"") | G16: =IF(AND(B16=1,ISNUMBER(F16)),F16-E16,"") | J16: =IF(OR(11=0,$B$16<>1),"",$C$16) | K16: =IF(OR(11=1,$B$16<>1),"",$C$16) | L16: =IF(OR(11=2,$B$16<>1),"",$C$16) | M16: =IF(OR(11=3,$B$16<>1),"",$C$16) | N16: =IF(OR(11=4,$B$16<>1),"",$C$16) | O16: =IF(OR(11=5,$B$16<>1),"",$C$16) | P16: =IF(OR(11=6,$B$16<>1),"",$C$16) | Q16: =IF(OR(11=7,$B$16<>1),"",$C$16) | R16: =IF(OR(11=8,$B$16<>1),"",$C$16) | S16: =IF(OR(11=9,$B$16<>1),"",$C$16) | T16: =IF(OR(11=10,$B$16<>1),"",$C$16) | U16: =IF(OR(11=11,$B$16<>1),"",$C$16) | V16: =IF(OR(11=12,$B$16<>1),"",$C$16) | W16: =IF(OR(11=13,$B$16<>1),"",$C$16) | X16: =IF(OR(11=14,$B$16<>1),"",$C$16) | Y16: =IF(OR(11=15,$B$16<>1),"",$C$16) | Z16: =IF(OR(11=16,$B$16<>1),"",$C$16) | AA16: =IF(OR(11=17,$B$16<>1),"",$C$16) | AB16: =IF(OR(11=18,$B$16<>1),"",$C$16) | AC16: =IF(OR(11=19,$B$16<>1),"",$C$16) | AD16: =IF(OR(11=20,$B$16<>1),"",$C$16) | AE16: =IF(OR(11=21,$B$16<>1),"",$C$16) | AF16: =IF(OR(11=22,$B$16<>1),"",$C$16) | AG16: =IF(OR(11=23,$B$16<>1),"",$C$16) | AH16: =IF(OR(11=24,$B$16<>1),"",$C$16) | AI16: =IF(OR(11=25,$B$16<>1),"",$C$16) | AJ16: =IF(OR(11=26,$B$16<>1),"",$C$16) | AK16: =IF(OR(11=27,$B$16<>1),"",$C$16) | AL16: =IF(OR(11=28,$B$16<>1),"",$C$16) | AM16: =IF(OR(11=29,$B$16<>1),"",$C$16) | AN16: =IF(OR(11=30,$B$16<>1),"",$C$16) | AO16: =IF(OR(11=31,$B$16<>1),"",$C$16) | AP16: =IF(OR(11=32,$B$16<>1),"",$C$16) | AQ16: =IF(OR(11=33,$B$16<>1),"",$C$16) | AR16: =IF(OR(11=34,$B$16<>1),"",$C$16) | AS16: =IF(OR(11=35,$B$16<>1),"",$C$16) | AT16: =IF(OR(11=36,$B$16<>1),"",$C$16) | AU16: =IF(OR(11=37,$B$16<>1),"",$C$16) | AV16: =IF(OR(11=38,$B$16<>1),"",$C$16) | AW16: =IF(OR(11=39,$B$16<>1),"",$C$16) | AX16: =IF(OR(11=40,$B$16<>1),"",$C$16) | AY16: =IF(OR(11=41,$B$16<>1),"",$C$16) | AZ16: =IF(OR(11=42,$B$16<>1),"",$C$16) | BA16: =IF(OR(11=43,$B$16<>1),"",$C$16) | BB16: =IF(OR(11=44,$B$16<>1),"",$C$16) | BC16: =IF(OR(11=45,$B$16<>1),"",$C$16) | BD16: =IF(OR(11=46,$B$16<>1),"",$C$16) | BE16: =IF(OR(11=47,$B$16<>1),"",$C$16) | BF16: =IF(OR(11=48,$B$16<>1),"",$C$16) | BG16: =IF(OR(11=49,$B$16<>1),"",$C$16)
A17: =IF(Clients!A17="","",Clients!A17) | B17: =IF(A17="",0,IF(AND(Clients!K17=1,ISNUMBER(Clients!D17),ISNUMBER(INDEX(Clients!E17:J17,1,MATCH(Setup!$B$7,Clients!$E$4:$J$4,0)))),1,0)) | C17: =IF(B17=1,INDEX(Clients!E17:J17,1,MATCH(Setup!$B$7,Clients!$E$4:$J$4,0)),"") | D17: =IF(B17<>1,"",IF(COUNT(V5:V54)=0,"",MEDIAN(V5:V54))) | E17: =IF(B17=1,Clients!D17,"") | G17: =IF(AND(B17=1,ISNUMBER(F17)),F17-E17,"") | J17: =IF(OR(12=0,$B$17<>1),"",$C$17) | K17: =IF(OR(12=1,$B$17<>1),"",$C$17) | L17: =IF(OR(12=2,$B$17<>1),"",$C$17) | M17: =IF(OR(12=3,$B$17<>1),"",$C$17) | N17: =IF(OR(12=4,$B$17<>1),"",$C$17) | O17: =IF(OR(12=5,$B$17<>1),"",$C$17) | P17: =IF(OR(12=6,$B$17<>1),"",$C$17) | Q17: =IF(OR(12=7,$B$17<>1),"",$C$17) | R17: =IF(OR(12=8,$B$17<>1),"",$C$17) | S17: =IF(OR(12=9,$B$17<>1),"",$C$17) | T17: =IF(OR(12=10,$B$17<>1),"",$C$17) | U17: =IF(OR(12=11,$B$17<>1),"",$C$17) | V17: =IF(OR(12=12,$B$17<>1),"",$C$17) | W17: =IF(OR(12=13,$B$17<>1),"",$C$17) | X17: =IF(OR(12=14,$B$17<>1),"",$C$17) | Y17: =IF(OR(12=15,$B$17<>1),"",$C$17) | Z17: =IF(OR(12=16,$B$17<>1),"",$C$17) | AA17: =IF(OR(12=17,$B$17<>1),"",$C$17) | AB17: =IF(OR(12=18,$B$17<>1),"",$C$17) | AC17: =IF(OR(12=19,$B$17<>1),"",$C$17) | AD17: =IF(OR(12=20,$B$17<>1),"",$C$17) | AE17: =IF(OR(12=21,$B$17<>1),"",$C$17) | AF17: =IF(OR(12=22,$B$17<>1),"",$C$17) | AG17: =IF(OR(12=23,$B$17<>1),"",$C$17) | AH17: =IF(OR(12=24,$B$17<>1),"",$C$17) | AI17: =IF(OR(12=25,$B$17<>1),"",$C$17) | AJ17: =IF(OR(12=26,$B$17<>1),"",$C$17) | AK17: =IF(OR(12=27,$B$17<>1),"",$C$17) | AL17: =IF(OR(12=28,$B$17<>1),"",$C$17) | AM17: =IF(OR(12=29,$B$17<>1),"",$C$17) | AN17: =IF(OR(12=30,$B$17<>1),"",$C$17) | AO17: =IF(OR(12=31,$B$17<>1),"",$C$17) | AP17: =IF(OR(12=32,$B$17<>1),"",$C$17) | AQ17: =IF(OR(12=33,$B$17<>1),"",$C$17) | AR17: =IF(OR(12=34,$B$17<>1),"",$C$17) | AS17: =IF(OR(12=35,$B$17<>1),"",$C$17) | AT17: =IF(OR(12=36,$B$17<>1),"",$C$17) | AU17: =IF(OR(12=37,$B$17<>1),"",$C$17) | AV17: =IF(OR(12=38,$B$17<>1),"",$C$17) | AW17: =IF(OR(12=39,$B$17<>1),"",$C$17) | AX17: =IF(OR(12=40,$B$17<>1),"",$C$17) | AY17: =IF(OR(12=41,$B$17<>1),"",$C$17) | AZ17: =IF(OR(12=42,$B$17<>1),"",$C$17) | BA17: =IF(OR(12=43,$B$17<>1),"",$C$17) | BB17: =IF(OR(12=44,$B$17<>1),"",$C$17) | BC17: =IF(OR(12=45,$B$17<>1),"",$C$17) | BD17: =IF(OR(12=46,$B$17<>1),"",$C$17) | BE17: =IF(OR(12=47,$B$17<>1),"",$C$17) | BF17: =IF(OR(12=48,$B$17<>1),"",$C$17) | BG17: =IF(OR(12=49,$B$17<>1),"",$C$17)
A18: =IF(Clients!A18="","",Clients!A18) | B18: =IF(A18="",0,IF(AND(Clients!K18=1,ISNUMBER(Clients!D18),ISNUMBER(INDEX(Clients!E18:J18,1,MATCH(Setup!$B$7,Clients!$E$4:$J$4,0)))),1,0)) | C18: =IF(B18=1,INDEX(Clients!E18:J18,1,MATCH(Setup!$B$7,Clients!$E$4:$J$4,0)),"") | D18: =IF(B18<>1,"",IF(COUNT(W5:W54)=0,"",MEDIAN(W5:W54))) | E18: =IF(B18=1,Clients!D18,"") | G18: =IF(AND(B18=1,ISNUMBER(F18)),F18-E18,"") | J18: =IF(OR(13=0,$B$18<>1),"",$C$18) | K18: =IF(OR(13=1,$B$18<>1),"",$C$18) | L18: =IF(OR(13=2,$B$18<>1),"",$C$18) | M18: =IF(OR(13=3,$B$18<>1),"",$C$18) | N18: =IF(OR(13=4,$B$18<>1),"",$C$18) | O18: =IF(OR(13=5,$B$18<>1),"",$C$18) | P18: =IF(OR(13=6,$B$18<>1),"",$C$18) | Q18: =IF(OR(13=7,$B$18<>1),"",$C$18) | R18: =IF(OR(13=8,$B$18<>1),"",$C$18) | S18: =IF(OR(13=9,$B$18<>1),"",$C$18) | T18: =IF(OR(13=10,$B$18<>1),"",$C$18) | U18: =IF(OR(13=11,$B$18<>1),"",$C$18) | V18: =IF(OR(13=12,$B$18<>1),"",$C$18) | W18: =IF(OR(13=13,$B$18<>1),"",$C$18) | X18: =IF(OR(13=14,$B$18<>1),"",$C$18) | Y18: =IF(OR(13=15,$B$18<>1),"",$C$18) | Z18: =IF(OR(13=16,$B$18<>1),"",$C$18) | AA18: =IF(OR(13=17,$B$18<>1),"",$C$18) | AB18: =IF(OR(13=18,$B$18<>1),"",$C$18) | AC18: =IF(OR(13=19,$B$18<>1),"",$C$18) | AD18: =IF(OR(13=20,$B$18<>1),"",$C$18) | AE18: =IF(OR(13=21,$B$18<>1),"",$C$18) | AF18: =IF(OR(13=22,$B$18<>1),"",$C$18) | AG18: =IF(OR(13=23,$B$18<>1),"",$C$18) | AH18: =IF(OR(13=24,$B$18<>1),"",$C$18) | AI18: =IF(OR(13=25,$B$18<>1),"",$C$18) | AJ18: =IF(OR(13=26,$B$18<>1),"",$C$18) | AK18: =IF(OR(13=27,$B$18<>1),"",$C$18) | AL18: =IF(OR(13=28,$B$18<>1),"",$C$18) | AM18: =IF(OR(13=29,$B$18<>1),"",$C$18) | AN18: =IF(OR(13=30,$B$18<>1),"",$C$18) | AO18: =IF(OR(13=31,$B$18<>1),"",$C$18) | AP18: =IF(OR(13=32,$B$18<>1),"",$C$18) | AQ18: =IF(OR(13=33,$B$18<>1),"",$C$18) | AR18: =IF(OR(13=34,$B$18<>1),"",$C$18) | AS18: =IF(OR(13=35,$B$18<>1),"",$C$18) | AT18: =IF(OR(13=36,$B$18<>1),"",$C$18) | AU18: =IF(OR(13=37,$B$18<>1),"",$C$18) | AV18: =IF(OR(13=38,$B$18<>1),"",$C$18) | AW18: =IF(OR(13=39,$B$18<>1),"",$C$18) | AX18: =IF(OR(13=40,$B$18<>1),"",$C$18) | AY18: =IF(OR(13=41,$B$18<>1),"",$C$18) | AZ18: =IF(OR(13=42,$B$18<>1),"",$C$18) | BA18: =IF(OR(13=43,$B$18<>1),"",$C$18) | BB18: =IF(OR(13=44,$B$18<>1),"",$C$18) | BC18: =IF(OR(13=45,$B$18<>1),"",$C$18) | BD18: =IF(OR(13=46,$B$18<>1),"",$C$18) | BE18: =IF(OR(13=47,$B$18<>1),"",$C$18) | BF18: =IF(OR(13=48,$B$18<>1),"",$C$18) | BG18: =IF(OR(13=49,$B$18<>1),"",$C$18)
A19: =IF(Clients!A19="","",Clients!A19) | B19: =IF(A19="",0,IF(AND(Clients!K19=1,ISNUMBER(Clients!D19),ISNUMBER(INDEX(Clients!E19:J19,1,MATCH(Setup!$B$7,Clients!$E$4:$J$4,0)))),1,0)) | C19: =IF(B19=1,INDEX(Clients!E19:J19,1,MATCH(Setup!$B$7,Clients!$E$4:$J$4,0)),"") | D19: =IF(B19<>1,"",IF(COUNT(X5:X54)=0,"",MEDIAN(X5:X54))) | E19: =IF(B19=1,Clients!D19,"") | G19: =IF(AND(B19=1,ISNUMBER(F19)),F19-E19,"") | J19: =IF(OR(14=0,$B$19<>1),"",$C$19) | K19: =IF(OR(14=1,$B$19<>1),"",$C$19) | L19: =IF(OR(14=2,$B$19<>1),"",$C$19) | M19: =IF(OR(14=3,$B$19<>1),"",$C$19) | N19: =IF(OR(14=4,$B$19<>1),"",$C$19) | O19: =IF(OR(14=5,$B$19<>1),"",$C$19) | P19: =IF(OR(14=6,$B$19<>1),"",$C$19) | Q19: =IF(OR(14=7,$B$19<>1),"",$C$19) | R19: =IF(OR(14=8,$B$19<>1),"",$C$19) | S19: =IF(OR(14=9,$B$19<>1),"",$C$19) | T19: =IF(OR(14=10,$B$19<>1),"",$C$19) | U19: =IF(OR(14=11,$B$19<>1),"",$C$19) | V19: =IF(OR(14=12,$B$19<>1),"",$C$19) | W19: =IF(OR(14=13,$B$19<>1),"",$C$19) | X19: =IF(OR(14=14,$B$19<>1),"",$C$19) | Y19: =IF(OR(14=15,$B$19<>1),"",$C$19) | Z19: =IF(OR(14=16,$B$19<>1),"",$C$19) | AA19: =IF(OR(14=17,$B$19<>1),"",$C$19) | AB19: =IF(OR(14=18,$B$19<>1),"",$C$19) | AC19: =IF(OR(14=19,$B$19<>1),"",$C$19) | AD19: =IF(OR(14=20,$B$19<>1),"",$C$19) | AE19: =IF(OR(14=21,$B$19<>1),"",$C$19) | AF19: =IF(OR(14=22,$B$19<>1),"",$C$19) | AG19: =IF(OR(14=23,$B$19<>1),"",$C$19) | AH19: =IF(OR(14=24,$B$19<>1),"",$C$19) | AI19: =IF(OR(14=25,$B$19<>1),"",$C$19) | AJ19: =IF(OR(14=26,$B$19<>1),"",$C$19) | AK19: =IF(OR(14=27,$B$19<>1),"",$C$19) | AL19: =IF(OR(14=28,$B$19<>1),"",$C$19) | AM19: =IF(OR(14=29,$B$19<>1),"",$C$19) | AN19: =IF(OR(14=30,$B$19<>1),"",$C$19) | AO19: =IF(OR(14=31,$B$19<>1),"",$C$19) | AP19: =IF(OR(14=32,$B$19<>1),"",$C$19) | AQ19: =IF(OR(14=33,$B$19<>1),"",$C$19) | AR19: =IF(OR(14=34,$B$19<>1),"",$C$19) | AS19: =IF(OR(14=35,$B$19<>1),"",$C$19) | AT19: =IF(OR(14=36,$B$19<>1),"",$C$19) | AU19: =IF(OR(14=37,$B$19<>1),"",$C$19) | AV19: =IF(OR(14=38,$B$19<>1),"",$C$19) | AW19: =IF(OR(14=39,$B$19<>1),"",$C$19) | AX19: =IF(OR(14=40,$B$19<>1),"",$C$19) | AY19: =IF(OR(14=41,$B$19<>1),"",$C$19) | AZ19: =IF(OR(14=42,$B$19<>1),"",$C$19) | BA19: =IF(OR(14=43,$B$19<>1),"",$C$19) | BB19: =IF(OR(14=44,$B$19<>1),"",$C$19) | BC19: =IF(OR(14=45,$B$19<>1),"",$C$19) | BD19: =IF(OR(14=46,$B$19<>1),"",$C$19) | BE19: =IF(OR(14=47,$B$19<>1),"",$C$19) | BF19: =IF(OR(14=48,$B$19<>1),"",$C$19) | BG19: =IF(OR(14=49,$B$19<>1),"",$C$19)
A20: =IF(Clients!A20="","",Clients!A20) | B20: =IF(A20="",0,IF(AND(Clients!K20=1,ISNUMBER(Clients!D20),ISNUMBER(INDEX(Clients!E20:J20,1,MATCH(Setup!$B$7,Clients!$E$4:$J$4,0)))),1,0)) | C20: =IF(B20=1,INDEX(Clients!E20:J20,1,MATCH(Setup!$B$7,Clients!$E$4:$J$4,0)),"") | D20: =IF(B20<>1,"",IF(COUNT(Y5:Y54)=0,"",MEDIAN(Y5:Y54))) | E20: =IF(B20=1,Clients!D20,"") | G20: =IF(AND(B20=1,ISNUMBER(F20)),F20-E20,"") | J20: =IF(OR(15=0,$B$20<>1),"",$C$20) | K20: =IF(OR(15=1,$B$20<>1),"",$C$20) | L20: =IF(OR(15=2,$B$20<>1),"",$C$20) | M20: =IF(OR(15=3,$B$20<>1),"",$C$20) | N20: =IF(OR(15=4,$B$20<>1),"",$C$20) | O20: =IF(OR(15=5,$B$20<>1),"",$C$20) | P20: =IF(OR(15=6,$B$20<>1),"",$C$20) | Q20: =IF(OR(15=7,$B$20<>1),"",$C$20) | R20: =IF(OR(15=8,$B$20<>1),"",$C$20) | S20: =IF(OR(15=9,$B$20<>1),"",$C$20) | T20: =IF(OR(15=10,$B$20<>1),"",$C$20) | U20: =IF(OR(15=11,$B$20<>1),"",$C$20) | V20: =IF(OR(15=12,$B$20<>1),"",$C$20) | W20: =IF(OR(15=13,$B$20<>1),"",$C$20) | X20: =IF(OR(15=14,$B$20<>1),"",$C$20) | Y20: =IF(OR(15=15,$B$20<>1),"",$C$20) | Z20: =IF(OR(15=16,$B$20<>1),"",$C$20) | AA20: =IF(OR(15=17,$B$20<>1),"",$C$20) | AB20: =IF(OR(15=18,$B$20<>1),"",$C$20) | AC20: =IF(OR(15=19,$B$20<>1),"",$C$20) | AD20: =IF(OR(15=20,$B$20<>1),"",$C$20) | AE20: =IF(OR(15=21,$B$20<>1),"",$C$20) | AF20: =IF(OR(15=22,$B$20<>1),"",$C$20) | AG20: =IF(OR(15=23,$B$20<>1),"",$C$20) | AH20: =IF(OR(15=24,$B$20<>1),"",$C$20) | AI20: =IF(OR(15=25,$B$20<>1),"",$C$20) | AJ20: =IF(OR(15=26,$B$20<>1),"",$C$20) | AK20: =IF(OR(15=27,$B$20<>1),"",$C$20) | AL20: =IF(OR(15=28,$B$20<>1),"",$C$20) | AM20: =IF(OR(15=29,$B$20<>1),"",$C$20) | AN20: =IF(OR(15=30,$B$20<>1),"",$C$20) | AO20: =IF(OR(15=31,$B$20<>1),"",$C$20) | AP20: =IF(OR(15=32,$B$20<>1),"",$C$20) | AQ20: =IF(OR(15=33,$B$20<>1),"",$C$20) | AR20: =IF(OR(15=34,$B$20<>1),"",$C$20) | AS20: =IF(OR(15=35,$B$20<>1),"",$C$20) | AT20: =IF(OR(15=36,$B$20<>1),"",$C$20) | AU20: =IF(OR(15=37,$B$20<>1),"",$C$20) | AV20: =IF(OR(15=38,$B$20<>1),"",$C$20) | AW20: =IF(OR(15=39,$B$20<>1),"",$C$20) | AX20: =IF(OR(15=40,$B$20<>1),"",$C$20) | AY20: =IF(OR(15=41,$B$20<>1),"",$C$20) | AZ20: =IF(OR(15=42,$B$20<>1),"",$C$20) | BA20: =IF(OR(15=43,$B$20<>1),"",$C$20) | BB20: =IF(OR(15=44,$B$20<>1),"",$C$20) | BC20: =IF(OR(15=45,$B$20<>1),"",$C$20) | BD20: =IF(OR(15=46,$B$20<>1),"",$C$20) | BE20: =IF(OR(15=47,$B$20<>1),"",$C$20) | BF20: =IF(OR(15=48,$B$20<>1),"",$C$20) | BG20: =IF(OR(15=49,$B$20<>1),"",$C$20)
A21: =IF(Clients!A21="","",Clients!A21) | B21: =IF(A21="",0,IF(AND(Clients!K21=1,ISNUMBER(Clients!D21),ISNUMBER(INDEX(Clients!E21:J21,1,MATCH(Setup!$B$7,Clients!$E$4:$J$4,0)))),1,0)) | C21: =IF(B21=1,INDEX(Clients!E21:J21,1,MATCH(Setup!$B$7,Clients!$E$4:$J$4,0)),"") | D21: =IF(B21<>1,"",IF(COUNT(Z5:Z54)=0,"",MEDIAN(Z5:Z54))) | E21: =IF(B21=1,Clients!D21,"") | G21: =IF(AND(B21=1,ISNUMBER(F21)),F21-E21,"") | J21: =IF(OR(16=0,$B$21<>1),"",$C$21) | K21: =IF(OR(16=1,$B$21<>1),"",$C$21) | L21: =IF(OR(16=2,$B$21<>1),"",$C$21) | M21: =IF(OR(16=3,$B$21<>1),"",$C$21) | N21: =IF(OR(16=4,$B$21<>1),"",$C$21) | O21: =IF(OR(16=5,$B$21<>1),"",$C$21) | P21: =IF(OR(16=6,$B$21<>1),"",$C$21) | Q21: =IF(OR(16=7,$B$21<>1),"",$C$21) | R21: =IF(OR(16=8,$B$21<>1),"",$C$21) | S21: =IF(OR(16=9,$B$21<>1),"",$C$21) | T21: =IF(OR(16=10,$B$21<>1),"",$C$21) | U21: =IF(OR(16=11,$B$21<>1),"",$C$21) | V21: =IF(OR(16=12,$B$21<>1),"",$C$21) | W21: =IF(OR(16=13,$B$21<>1),"",$C$21) | X21: =IF(OR(16=14,$B$21<>1),"",$C$21) | Y21: =IF(OR(16=15,$B$21<>1),"",$C$21) | Z21: =IF(OR(16=16,$B$21<>1),"",$C$21) | AA21: =IF(OR(16=17,$B$21<>1),"",$C$21) | AB21: =IF(OR(16=18,$B$21<>1),"",$C$21) | AC21: =IF(OR(16=19,$B$21<>1),"",$C$21) | AD21: =IF(OR(16=20,$B$21<>1),"",$C$21) | AE21: =IF(OR(16=21,$B$21<>1),"",$C$21) | AF21: =IF(OR(16=22,$B$21<>1),"",$C$21) | AG21: =IF(OR(16=23,$B$21<>1),"",$C$21) | AH21: =IF(OR(16=24,$B$21<>1),"",$C$21) | AI21: =IF(OR(16=25,$B$21<>1),"",$C$21) | AJ21: =IF(OR(16=26,$B$21<>1),"",$C$21) | AK21: =IF(OR(16=27,$B$21<>1),"",$C$21) | AL21: =IF(OR(16=28,$B$21<>1),"",$C$21) | AM21: =IF(OR(16=29,$B$21<>1),"",$C$21) | AN21: =IF(OR(16=30,$B$21<>1),"",$C$21) | AO21: =IF(OR(16=31,$B$21<>1),"",$C$21) | AP21: =IF(OR(16=32,$B$21<>1),"",$C$21) | AQ21: =IF(OR(16=33,$B$21<>1),"",$C$21) | AR21: =IF(OR(16=34,$B$21<>1),"",$C$21) | AS21: =IF(OR(16=35,$B$21<>1),"",$C$21) | AT21: =IF(OR(16=36,$B$21<>1),"",$C$21) | AU21: =IF(OR(16=37,$B$21<>1),"",$C$21) | AV21: =IF(OR(16=38,$B$21<>1),"",$C$21) | AW21: =IF(OR(16=39,$B$21<>1),"",$C$21) | AX21: =IF(OR(16=40,$B$21<>1),"",$C$21) | AY21: =IF(OR(16=41,$B$21<>1),"",$C$21) | AZ21: =IF(OR(16=42,$B$21<>1),"",$C$21) | BA21: =IF(OR(16=43,$B$21<>1),"",$C$21) | BB21: =IF(OR(16=44,$B$21<>1),"",$C$21) | BC21: =IF(OR(16=45,$B$21<>1),"",$C$21) | BD21: =IF(OR(16=46,$B$21<>1),"",$C$21) | BE21: =IF(OR(16=47,$B$21<>1),"",$C$21) | BF21: =IF(OR(16=48,$B$21<>1),"",$C$21) | BG21: =IF(OR(16=49,$B$21<>1),"",$C$21)
A22: =IF(Clients!A22="","",Clients!A22) | B22: =IF(A22="",0,IF(AND(Clients!K22=1,ISNUMBER(Clients!D22),ISNUMBER(INDEX(Clients!E22:J22,1,MATCH(Setup!$B$7,Clients!$E$4:$J$4,0)))),1,0)) | C22: =IF(B22=1,INDEX(Clients!E22:J22,1,MATCH(Setup!$B$7,Clients!$E$4:$J$4,0)),"") | D22: =IF(B22<>1,"",IF(COUNT(AA5:AA54)=0,"",MEDIAN(AA5:AA54))) | E22: =IF(B22=1,Clients!D22,"") | G22: =IF(AND(B22=1,ISNUMBER(F22)),F22-E22,"") | J22: =IF(OR(17=0,$B$22<>1),"",$C$22) | K22: =IF(OR(17=1,$B$22<>1),"",$C$22) | L22: =IF(OR(17=2,$B$22<>1),"",$C$22) | M22: =IF(OR(17=3,$B$22<>1),"",$C$22) | N22: =IF(OR(17=4,$B$22<>1),"",$C$22) | O22: =IF(OR(17=5,$B$22<>1),"",$C$22) | P22: =IF(OR(17=6,$B$22<>1),"",$C$22) | Q22: =IF(OR(17=7,$B$22<>1),"",$C$22) | R22: =IF(OR(17=8,$B$22<>1),"",$C$22) | S22: =IF(OR(17=9,$B$22<>1),"",$C$22) | T22: =IF(OR(17=10,$B$22<>1),"",$C$22) | U22: =IF(OR(17=11,$B$22<>1),"",$C$22) | V22: =IF(OR(17=12,$B$22<>1),"",$C$22) | W22: =IF(OR(17=13,$B$22<>1),"",$C$22) | X22: =IF(OR(17=14,$B$22<>1),"",$C$22) | Y22: =IF(OR(17=15,$B$22<>1),"",$C$22) | Z22: =IF(OR(17=16,$B$22<>1),"",$C$22) | AA22: =IF(OR(17=17,$B$22<>1),"",$C$22) | AB22: =IF(OR(17=18,$B$22<>1),"",$C$22) | AC22: =IF(OR(17=19,$B$22<>1),"",$C$22) | AD22: =IF(OR(17=20,$B$22<>1),"",$C$22) | AE22: =IF(OR(17=21,$B$22<>1),"",$C$22) | AF22: =IF(OR(17=22,$B$22<>1),"",$C$22) | AG22: =IF(OR(17=23,$B$22<>1),"",$C$22) | AH22: =IF(OR(17=24,$B$22<>1),"",$C$22) | AI22: =IF(OR(17=25,$B$22<>1),"",$C$22) | AJ22: =IF(OR(17=26,$B$22<>1),"",$C$22) | AK22: =IF(OR(17=27,$B$22<>1),"",$C$22) | AL22: =IF(OR(17=28,$B$22<>1),"",$C$22) | AM22: =IF(OR(17=29,$B$22<>1),"",$C$22) | AN22: =IF(OR(17=30,$B$22<>1),"",$C$22) | AO22: =IF(OR(17=31,$B$22<>1),"",$C$22) | AP22: =IF(OR(17=32,$B$22<>1),"",$C$22) | AQ22: =IF(OR(17=33,$B$22<>1),"",$C$22) | AR22: =IF(OR(17=34,$B$22<>1),"",$C$22) | AS22: =IF(OR(17=35,$B$22<>1),"",$C$22) | AT22: =IF(OR(17=36,$B$22<>1),"",$C$22) | AU22: =IF(OR(17=37,$B$22<>1),"",$C$22) | AV22: =IF(OR(17=38,$B$22<>1),"",$C$22) | AW22: =IF(OR(17=39,$B$22<>1),"",$C$22) | AX22: =IF(OR(17=40,$B$22<>1),"",$C$22) | AY22: =IF(OR(17=41,$B$22<>1),"",$C$22) | AZ22: =IF(OR(17=42,$B$22<>1),"",$C$22) | BA22: =IF(OR(17=43,$B$22<>1),"",$C$22) | BB22: =IF(OR(17=44,$B$22<>1),"",$C$22) | BC22: =IF(OR(17=45,$B$22<>1),"",$C$22) | BD22: =IF(OR(17=46,$B$22<>1),"",$C$22) | BE22: =IF(OR(17=47,$B$22<>1),"",$C$22) | BF22: =IF(OR(17=48,$B$22<>1),"",$C$22) | BG22: =IF(OR(17=49,$B$22<>1),"",$C$22)
A23: =IF(Clients!A23="","",Clients!A23) | B23: =IF(A23="",0,IF(AND(Clients!K23=1,ISNUMBER(Clients!D23),ISNUMBER(INDEX(Clients!E23:J23,1,MATCH(Setup!$B$7,Clients!$E$4:$J$4,0)))),1,0)) | C23: =IF(B23=1,INDEX(Clients!E23:J23,1,MATCH(Setup!$B$7,Clients!$E$4:$J$4,0)),"") | D23: =IF(B23<>1,"",IF(COUNT(AB5:AB54)=0,"",MEDIAN(AB5:AB54))) | E23: =IF(B23=1,Clients!D23,"") | G23: =IF(AND(B23=1,ISNUMBER(F23)),F23-E23,"") | J23: =IF(OR(18=0,$B$23<>1),"",$C$23) | K23: =IF(OR(18=1,$B$23<>1),"",$C$23) | L23: =IF(OR(18=2,$B$23<>1),"",$C$23) | M23: =IF(OR(18=3,$B$23<>1),"",$C$23) | N23: =IF(OR(18=4,$B$23<>1),"",$C$23) | O23: =IF(OR(18=5,$B$23<>1),"",$C$23) | P23: =IF(OR(18=6,$B$23<>1),"",$C$23) | Q23: =IF(OR(18=7,$B$23<>1),"",$C$23) | R23: =IF(OR(18=8,$B$23<>1),"",$C$23) | S23: =IF(OR(18=9,$B$23<>1),"",$C$23) | T23: =IF(OR(18=10,$B$23<>1),"",$C$23) | U23: =IF(OR(18=11,$B$23<>1),"",$C$23) | V23: =IF(OR(18=12,$B$23<>1),"",$C$23) | W23: =IF(OR(18=13,$B$23<>1),"",$C$23) | X23: =IF(OR(18=14,$B$23<>1),"",$C$23) | Y23: =IF(OR(18=15,$B$23<>1),"",$C$23) | Z23: =IF(OR(18=16,$B$23<>1),"",$C$23) | AA23: =IF(OR(18=17,$B$23<>1),"",$C$23) | AB23: =IF(OR(18=18,$B$23<>1),"",$C$23) | AC23: =IF(OR(18=19,$B$23<>1),"",$C$23) | AD23: =IF(OR(18=20,$B$23<>1),"",$C$23) | AE23: =IF(OR(18=21,$B$23<>1),"",$C$23) | AF23: =IF(OR(18=22,$B$23<>1),"",$C$23) | AG23: =IF(OR(18=23,$B$23<>1),"",$C$23) | AH23: =IF(OR(18=24,$B$23<>1),"",$C$23) | AI23: =IF(OR(18=25,$B$23<>1),"",$C$23) | AJ23: =IF(OR(18=26,$B$23<>1),"",$C$23) | AK23: =IF(OR(18=27,$B$23<>1),"",$C$23) | AL23: =IF(OR(18=28,$B$23<>1),"",$C$23) | AM23: =IF(OR(18=29,$B$23<>1),"",$C$23) | AN23: =IF(OR(18=30,$B$23<>1),"",$C$23) | AO23: =IF(OR(18=31,$B$23<>1),"",$C$23) | AP23: =IF(OR(18=32,$B$23<>1),"",$C$23) | AQ23: =IF(OR(18=33,$B$23<>1),"",$C$23) | AR23: =IF(OR(18=34,$B$23<>1),"",$C$23) | AS23: =IF(OR(18=35,$B$23<>1),"",$C$23) | AT23: =IF(OR(18=36,$B$23<>1),"",$C$23) | AU23: =IF(OR(18=37,$B$23<>1),"",$C$23) | AV23: =IF(OR(18=38,$B$23<>1),"",$C$23) | AW23: =IF(OR(18=39,$B$23<>1),"",$C$23) | AX23: =IF(OR(18=40,$B$23<>1),"",$C$23) | AY23: =IF(OR(18=41,$B$23<>1),"",$C$23) | AZ23: =IF(OR(18=42,$B$23<>1),"",$C$23) | BA23: =IF(OR(18=43,$B$23<>1),"",$C$23) | BB23: =IF(OR(18=44,$B$23<>1),"",$C$23) | BC23: =IF(OR(18=45,$B$23<>1),"",$C$23) | BD23: =IF(OR(18=46,$B$23<>1),"",$C$23) | BE23: =IF(OR(18=47,$B$23<>1),"",$C$23) | BF23: =IF(OR(18=48,$B$23<>1),"",$C$23) | BG23: =IF(OR(18=49,$B$23<>1),"",$C$23)
A24: =IF(Clients!A24="","",Clients!A24) | B24: =IF(A24="",0,IF(AND(Clients!K24=1,ISNUMBER(Clients!D24),ISNUMBER(INDEX(Clients!E24:J24,1,MATCH(Setup!$B$7,Clients!$E$4:$J$4,0)))),1,0)) | C24: =IF(B24=1,INDEX(Clients!E24:J24,1,MATCH(Setup!$B$7,Clients!$E$4:$J$4,0)),"") | D24: =IF(B24<>1,"",IF(COUNT(AC5:AC54)=0,"",MEDIAN(AC5:AC54))) | E24: =IF(B24=1,Clients!D24,"") | G24: =IF(AND(B24=1,ISNUMBER(F24)),F24-E24,"") | J24: =IF(OR(19=0,$B$24<>1),"",$C$24) | K24: =IF(OR(19=1,$B$24<>1),"",$C$24) | L24: =IF(OR(19=2,$B$24<>1),"",$C$24) | M24: =IF(OR(19=3,$B$24<>1),"",$C$24) | N24: =IF(OR(19=4,$B$24<>1),"",$C$24) | O24: =IF(OR(19=5,$B$24<>1),"",$C$24) | P24: =IF(OR(19=6,$B$24<>1),"",$C$24) | Q24: =IF(OR(19=7,$B$24<>1),"",$C$24) | R24: =IF(OR(19=8,$B$24<>1),"",$C$24) | S24: =IF(OR(19=9,$B$24<>1),"",$C$24) | T24: =IF(OR(19=10,$B$24<>1),"",$C$24) | U24: =IF(OR(19=11,$B$24<>1),"",$C$24) | V24: =IF(OR(19=12,$B$24<>1),"",$C$24) | W24: =IF(OR(19=13,$B$24<>1),"",$C$24) | X24: =IF(OR(19=14,$B$24<>1),"",$C$24) | Y24: =IF(OR(19=15,$B$24<>1),"",$C$24) | Z24: =IF(OR(19=16,$B$24<>1),"",$C$24) | AA24: =IF(OR(19=17,$B$24<>1),"",$C$24) | AB24: =IF(OR(19=18,$B$24<>1),"",$C$24) | AC24: =IF(OR(19=19,$B$24<>1),"",$C$24) | AD24: =IF(OR(19=20,$B$24<>1),"",$C$24) | AE24: =IF(OR(19=21,$B$24<>1),"",$C$24) | AF24: =IF(OR(19=22,$B$24<>1),"",$C$24) | AG24: =IF(OR(19=23,$B$24<>1),"",$C$24) | AH24: =IF(OR(19=24,$B$24<>1),"",$C$24) | AI24: =IF(OR(19=25,$B$24<>1),"",$C$24) | AJ24: =IF(OR(19=26,$B$24<>1),"",$C$24) | AK24: =IF(OR(19=27,$B$24<>1),"",$C$24) | AL24: =IF(OR(19=28,$B$24<>1),"",$C$24) | AM24: =IF(OR(19=29,$B$24<>1),"",$C$24) | AN24: =IF(OR(19=30,$B$24<>1),"",$C$24) | AO24: =IF(OR(19=31,$B$24<>1),"",$C$24) | AP24: =IF(OR(19=32,$B$24<>1),"",$C$24) | AQ24: =IF(OR(19=33,$B$24<>1),"",$C$24) | AR24: =IF(OR(19=34,$B$24<>1),"",$C$24) | AS24: =IF(OR(19=35,$B$24<>1),"",$C$24) | AT24: =IF(OR(19=36,$B$24<>1),"",$C$24) | AU24: =IF(OR(19=37,$B$24<>1),"",$C$24) | AV24: =IF(OR(19=38,$B$24<>1),"",$C$24) | AW24: =IF(OR(19=39,$B$24<>1),"",$C$24) | AX24: =IF(OR(19=40,$B$24<>1),"",$C$24) | AY24: =IF(OR(19=41,$B$24<>1),"",$C$24) | AZ24: =IF(OR(19=42,$B$24<>1),"",$C$24) | BA24: =IF(OR(19=43,$B$24<>1),"",$C$24) | BB24: =IF(OR(19=44,$B$24<>1),"",$C$24) | BC24: =IF(OR(19=45,$B$24<>1),"",$C$24) | BD24: =IF(OR(19=46,$B$24<>1),"",$C$24) | BE24: =IF(OR(19=47,$B$24<>1),"",$C$24) | BF24: =IF(OR(19=48,$B$24<>1),"",$C$24) | BG24: =IF(OR(19=49,$B$24<>1),"",$C$24)
A25: =IF(Clients!A25="","",Clients!A25) | B25: =IF(A25="",0,IF(AND(Clients!K25=1,ISNUMBER(Clients!D25),ISNUMBER(INDEX(Clients!E25:J25,1,MATCH(Setup!$B$7,Clients!$E$4:$J$4,0)))),1,0)) | C25: =IF(B25=1,INDEX(Clients!E25:J25,1,MATCH(Setup!$B$7,Clients!$E$4:$J$4,0)),"") | D25: =IF(B25<>1,"",IF(COUNT(AD5:AD54)=0,"",MEDIAN(AD5:AD54))) | E25: =IF(B25=1,Clients!D25,"") | G25: =IF(AND(B25=1,ISNUMBER(F25)),F25-E25,"") | J25: =IF(OR(20=0,$B$25<>1),"",$C$25) | K25: =IF(OR(20=1,$B$25<>1),"",$C$25) | L25: =IF(OR(20=2,$B$25<>1),"",$C$25) | M25: =IF(OR(20=3,$B$25<>1),"",$C$25) | N25: =IF(OR(20=4,$B$25<>1),"",$C$25) | O25: =IF(OR(20=5,$B$25<>1),"",$C$25) | P25: =IF(OR(20=6,$B$25<>1),"",$C$25) | Q25: =IF(OR(20=7,$B$25<>1),"",$C$25) | R25: =IF(OR(20=8,$B$25<>1),"",$C$25) | S25: =IF(OR(20=9,$B$25<>1),"",$C$25) | T25: =IF(OR(20=10,$B$25<>1),"",$C$25) | U25: =IF(OR(20=11,$B$25<>1),"",$C$25) | V25: =IF(OR(20=12,$B$25<>1),"",$C$25) | W25: =IF(OR(20=13,$B$25<>1),"",$C$25) | X25: =IF(OR(20=14,$B$25<>1),"",$C$25) | Y25: =IF(OR(20=15,$B$25<>1),"",$C$25) | Z25: =IF(OR(20=16,$B$25<>1),"",$C$25) | AA25: =IF(OR(20=17,$B$25<>1),"",$C$25) | AB25: =IF(OR(20=18,$B$25<>1),"",$C$25) | AC25: =IF(OR(20=19,$B$25<>1),"",$C$25) | AD25: =IF(OR(20=20,$B$25<>1),"",$C$25) | AE25: =IF(OR(20=21,$B$25<>1),"",$C$25) | AF25: =IF(OR(20=22,$B$25<>1),"",$C$25) | AG25: =IF(OR(20=23,$B$25<>1),"",$C$25) | AH25: =IF(OR(20=24,$B$25<>1),"",$C$25) | AI25: =IF(OR(20=25,$B$25<>1),"",$C$25) | AJ25: =IF(OR(20=26,$B$25<>1),"",$C$25) | AK25: =IF(OR(20=27,$B$25<>1),"",$C$25) | AL25: =IF(OR(20=28,$B$25<>1),"",$C$25) | AM25: =IF(OR(20=29,$B$25<>1),"",$C$25) | AN25: =IF(OR(20=30,$B$25<>1),"",$C$25) | AO25: =IF(OR(20=31,$B$25<>1),"",$C$25) | AP25: =IF(OR(20=32,$B$25<>1),"",$C$25) | AQ25: =IF(OR(20=33,$B$25<>1),"",$C$25) | AR25: =IF(OR(20=34,$B$25<>1),"",$C$25) | AS25: =IF(OR(20=35,$B$25<>1),"",$C$25) | AT25: =IF(OR(20=36,$B$25<>1),"",$C$25) | AU25: =IF(OR(20=37,$B$25<>1),"",$C$25) | AV25: =IF(OR(20=38,$B$25<>1),"",$C$25) | AW25: =IF(OR(20=39,$B$25<>1),"",$C$25) | AX25: =IF(OR(20=40,$B$25<>1),"",$C$25) | AY25: =IF(OR(20=41,$B$25<>1),"",$C$25) | AZ25: =IF(OR(20=42,$B$25<>1),"",$C$25) | BA25: =IF(OR(20=43,$B$25<>1),"",$C$25) | BB25: =IF(OR(20=44,$B$25<>1),"",$C$25) | BC25: =IF(OR(20=45,$B$25<>1),"",$C$25) | BD25: =IF(OR(20=46,$B$25<>1),"",$C$25) | BE25: =IF(OR(20=47,$B$25<>1),"",$C$25) | BF25: =IF(OR(20=48,$B$25<>1),"",$C$25) | BG25: =IF(OR(20=49,$B$25<>1),"",$C$25)
A26: =IF(Clients!A26="","",Clients!A26) | B26: =IF(A26="",0,IF(AND(Clients!K26=1,ISNUMBER(Clients!D26),ISNUMBER(INDEX(Clients!E26:J26,1,MATCH(Setup!$B$7,Clients!$E$4:$J$4,0)))),1,0)) | C26: =IF(B26=1,INDEX(Clients!E26:J26,1,MATCH(Setup!$B$7,Clients!$E$4:$J$4,0)),"") | D26: =IF(B26<>1,"",IF(COUNT(AE5:AE54)=0,"",MEDIAN(AE5:AE54))) | E26: =IF(B26=1,Clients!D26,"") | G26: =IF(AND(B26=1,ISNUMBER(F26)),F26-E26,"") | J26: =IF(OR(21=0,$B$26<>1),"",$C$26) | K26: =IF(OR(21=1,$B$26<>1),"",$C$26) | L26: =IF(OR(21=2,$B$26<>1),"",$C$26) | M26: =IF(OR(21=3,$B$26<>1),"",$C$26) | N26: =IF(OR(21=4,$B$26<>1),"",$C$26) | O26: =IF(OR(21=5,$B$26<>1),"",$C$26) | P26: =IF(OR(21=6,$B$26<>1),"",$C$26) | Q26: =IF(OR(21=7,$B$26<>1),"",$C$26) | R26: =IF(OR(21=8,$B$26<>1),"",$C$26) | S26: =IF(OR(21=9,$B$26<>1),"",$C$26) | T26: =IF(OR(21=10,$B$26<>1),"",$C$26) | U26: =IF(OR(21=11,$B$26<>1),"",$C$26) | V26: =IF(OR(21=12,$B$26<>1),"",$C$26) | W26: =IF(OR(21=13,$B$26<>1),"",$C$26) | X26: =IF(OR(21=14,$B$26<>1),"",$C$26) | Y26: =IF(OR(21=15,$B$26<>1),"",$C$26) | Z26: =IF(OR(21=16,$B$26<>1),"",$C$26) | AA26: =IF(OR(21=17,$B$26<>1),"",$C$26) | AB26: =IF(OR(21=18,$B$26<>1),"",$C$26) | AC26: =IF(OR(21=19,$B$26<>1),"",$C$26) | AD26: =IF(OR(21=20,$B$26<>1),"",$C$26) | AE26: =IF(OR(21=21,$B$26<>1),"",$C$26) | AF26: =IF(OR(21=22,$B$26<>1),"",$C$26) | AG26: =IF(OR(21=23,$B$26<>1),"",$C$26) | AH26: =IF(OR(21=24,$B$26<>1),"",$C$26) | AI26: =IF(OR(21=25,$B$26<>1),"",$C$26) | AJ26: =IF(OR(21=26,$B$26<>1),"",$C$26) | AK26: =IF(OR(21=27,$B$26<>1),"",$C$26) | AL26: =IF(OR(21=28,$B$26<>1),"",$C$26) | AM26: =IF(OR(21=29,$B$26<>1),"",$C$26) | AN26: =IF(OR(21=30,$B$26<>1),"",$C$26) | AO26: =IF(OR(21=31,$B$26<>1),"",$C$26) | AP26: =IF(OR(21=32,$B$26<>1),"",$C$26) | AQ26: =IF(OR(21=33,$B$26<>1),"",$C$26) | AR26: =IF(OR(21=34,$B$26<>1),"",$C$26) | AS26: =IF(OR(21=35,$B$26<>1),"",$C$26) | AT26: =IF(OR(21=36,$B$26<>1),"",$C$26) | AU26: =IF(OR(21=37,$B$26<>1),"",$C$26) | AV26: =IF(OR(21=38,$B$26<>1),"",$C$26) | AW26: =IF(OR(21=39,$B$26<>1),"",$C$26) | AX26: =IF(OR(21=40,$B$26<>1),"",$C$26) | AY26: =IF(OR(21=41,$B$26<>1),"",$C$26) | AZ26: =IF(OR(21=42,$B$26<>1),"",$C$26) | BA26: =IF(OR(21=43,$B$26<>1),"",$C$26) | BB26: =IF(OR(21=44,$B$26<>1),"",$C$26) | BC26: =IF(OR(21=45,$B$26<>1),"",$C$26) | BD26: =IF(OR(21=46,$B$26<>1),"",$C$26) | BE26: =IF(OR(21=47,$B$26<>1),"",$C$26) | BF26: =IF(OR(21=48,$B$26<>1),"",$C$26) | BG26: =IF(OR(21=49,$B$26<>1),"",$C$26)
A27: =IF(Clients!A27="","",Clients!A27) | B27: =IF(A27="",0,IF(AND(Clients!K27=1,ISNUMBER(Clients!D27),ISNUMBER(INDEX(Clients!E27:J27,1,MATCH(Setup!$B$7,Clients!$E$4:$J$4,0)))),1,0)) | C27: =IF(B27=1,INDEX(Clients!E27:J27,1,MATCH(Setup!$B$7,Clients!$E$4:$J$4,0)),"") | D27: =IF(B27<>1,"",IF(COUNT(AF5:AF54)=0,"",MEDIAN(AF5:AF54))) | E27: =IF(B27=1,Clients!D27,"") | G27: =IF(AND(B27=1,ISNUMBER(F27)),F27-E27,"") | J27: =IF(OR(22=0,$B$27<>1),"",$C$27) | K27: =IF(OR(22=1,$B$27<>1),"",$C$27) | L27: =IF(OR(22=2,$B$27<>1),"",$C$27) | M27: =IF(OR(22=3,$B$27<>1),"",$C$27) | N27: =IF(OR(22=4,$B$27<>1),"",$C$27) | O27: =IF(OR(22=5,$B$27<>1),"",$C$27) | P27: =IF(OR(22=6,$B$27<>1),"",$C$27) | Q27: =IF(OR(22=7,$B$27<>1),"",$C$27) | R27: =IF(OR(22=8,$B$27<>1),"",$C$27) | S27: =IF(OR(22=9,$B$27<>1),"",$C$27) | T27: =IF(OR(22=10,$B$27<>1),"",$C$27) | U27: =IF(OR(22=11,$B$27<>1),"",$C$27) | V27: =IF(OR(22=12,$B$27<>1),"",$C$27) | W27: =IF(OR(22=13,$B$27<>1),"",$C$27) | X27: =IF(OR(22=14,$B$27<>1),"",$C$27) | Y27: =IF(OR(22=15,$B$27<>1),"",$C$27) | Z27: =IF(OR(22=16,$B$27<>1),"",$C$27) | AA27: =IF(OR(22=17,$B$27<>1),"",$C$27) | AB27: =IF(OR(22=18,$B$27<>1),"",$C$27) | AC27: =IF(OR(22=19,$B$27<>1),"",$C$27) | AD27: =IF(OR(22=20,$B$27<>1),"",$C$27) | AE27: =IF(OR(22=21,$B$27<>1),"",$C$27) | AF27: =IF(OR(22=22,$B$27<>1),"",$C$27) | AG27: =IF(OR(22=23,$B$27<>1),"",$C$27) | AH27: =IF(OR(22=24,$B$27<>1),"",$C$27) | AI27: =IF(OR(22=25,$B$27<>1),"",$C$27) | AJ27: =IF(OR(22=26,$B$27<>1),"",$C$27) | AK27: =IF(OR(22=27,$B$27<>1),"",$C$27) | AL27: =IF(OR(22=28,$B$27<>1),"",$C$27) | AM27: =IF(OR(22=29,$B$27<>1),"",$C$27) | AN27: =IF(OR(22=30,$B$27<>1),"",$C$27) | AO27: =IF(OR(22=31,$B$27<>1),"",$C$27) | AP27: =IF(OR(22=32,$B$27<>1),"",$C$27) | AQ27: =IF(OR(22=33,$B$27<>1),"",$C$27) | AR27: =IF(OR(22=34,$B$27<>1),"",$C$27) | AS27: =IF(OR(22=35,$B$27<>1),"",$C$27) | AT27: =IF(OR(22=36,$B$27<>1),"",$C$27) | AU27: =IF(OR(22=37,$B$27<>1),"",$C$27) | AV27: =IF(OR(22=38,$B$27<>1),"",$C$27) | AW27: =IF(OR(22=39,$B$27<>1),"",$C$27) | AX27: =IF(OR(22=40,$B$27<>1),"",$C$27) | AY27: =IF(OR(22=41,$B$27<>1),"",$C$27) | AZ27: =IF(OR(22=42,$B$27<>1),"",$C$27) | BA27: =IF(OR(22=43,$B$27<>1),"",$C$27) | BB27: =IF(OR(22=44,$B$27<>1),"",$C$27) | BC27: =IF(OR(22=45,$B$27<>1),"",$C$27) | BD27: =IF(OR(22=46,$B$27<>1),"",$C$27) | BE27: =IF(OR(22=47,$B$27<>1),"",$C$27) | BF27: =IF(OR(22=48,$B$27<>1),"",$C$27) | BG27: =IF(OR(22=49,$B$27<>1),"",$C$27)
A28: =IF(Clients!A28="","",Clients!A28) | B28: =IF(A28="",0,IF(AND(Clients!K28=1,ISNUMBER(Clients!D28),ISNUMBER(INDEX(Clients!E28:J28,1,MATCH(Setup!$B$7,Clients!$E$4:$J$4,0)))),1,0)) | C28: =IF(B28=1,INDEX(Clients!E28:J28,1,MATCH(Setup!$B$7,Clients!$E$4:$J$4,0)),"") | D28: =IF(B28<>1,"",IF(COUNT(AG5:AG54)=0,"",MEDIAN(AG5:AG54))) | E28: =IF(B28=1,Clients!D28,"") | G28: =IF(AND(B28=1,ISNUMBER(F28)),F28-E28,"") | J28: =IF(OR(23=0,$B$28<>1),"",$C$28) | K28: =IF(OR(23=1,$B$28<>1),"",$C$28) | L28: =IF(OR(23=2,$B$28<>1),"",$C$28) | M28: =IF(OR(23=3,$B$28<>1),"",$C$28) | N28: =IF(OR(23=4,$B$28<>1),"",$C$28) | O28: =IF(OR(23=5,$B$28<>1),"",$C$28) | P28: =IF(OR(23=6,$B$28<>1),"",$C$28) | Q28: =IF(OR(23=7,$B$28<>1),"",$C$28) | R28: =IF(OR(23=8,$B$28<>1),"",$C$28) | S28: =IF(OR(23=9,$B$28<>1),"",$C$28) | T28: =IF(OR(23=10,$B$28<>1),"",$C$28) | U28: =IF(OR(23=11,$B$28<>1),"",$C$28) | V28: =IF(OR(23=12,$B$28<>1),"",$C$28) | W28: =IF(OR(23=13,$B$28<>1),"",$C$28) | X28: =IF(OR(23=14,$B$28<>1),"",$C$28) | Y28: =IF(OR(23=15,$B$28<>1),"",$C$28) | Z28: =IF(OR(23=16,$B$28<>1),"",$C$28) | AA28: =IF(OR(23=17,$B$28<>1),"",$C$28) | AB28: =IF(OR(23=18,$B$28<>1),"",$C$28) | AC28: =IF(OR(23=19,$B$28<>1),"",$C$28) | AD28: =IF(OR(23=20,$B$28<>1),"",$C$28) | AE28: =IF(OR(23=21,$B$28<>1),"",$C$28) | AF28: =IF(OR(23=22,$B$28<>1),"",$C$28) | AG28: =IF(OR(23=23,$B$28<>1),"",$C$28) | AH28: =IF(OR(23=24,$B$28<>1),"",$C$28) | AI28: =IF(OR(23=25,$B$28<>1),"",$C$28) | AJ28: =IF(OR(23=26,$B$28<>1),"",$C$28) | AK28: =IF(OR(23=27,$B$28<>1),"",$C$28) | AL28: =IF(OR(23=28,$B$28<>1),"",$C$28) | AM28: =IF(OR(23=29,$B$28<>1),"",$C$28) | AN28: =IF(OR(23=30,$B$28<>1),"",$C$28) | AO28: =IF(OR(23=31,$B$28<>1),"",$C$28) | AP28: =IF(OR(23=32,$B$28<>1),"",$C$28) | AQ28: =IF(OR(23=33,$B$28<>1),"",$C$28) | AR28: =IF(OR(23=34,$B$28<>1),"",$C$28) | AS28: =IF(OR(23=35,$B$28<>1),"",$C$28) | AT28: =IF(OR(23=36,$B$28<>1),"",$C$28) | AU28: =IF(OR(23=37,$B$28<>1),"",$C$28) | AV28: =IF(OR(23=38,$B$28<>1),"",$C$28) | AW28: =IF(OR(23=39,$B$28<>1),"",$C$28) | AX28: =IF(OR(23=40,$B$28<>1),"",$C$28) | AY28: =IF(OR(23=41,$B$28<>1),"",$C$28) | AZ28: =IF(OR(23=42,$B$28<>1),"",$C$28) | BA28: =IF(OR(23=43,$B$28<>1),"",$C$28) | BB28: =IF(OR(23=44,$B$28<>1),"",$C$28) | BC28: =IF(OR(23=45,$B$28<>1),"",$C$28) | BD28: =IF(OR(23=46,$B$28<>1),"",$C$28) | BE28: =IF(OR(23=47,$B$28<>1),"",$C$28) | BF28: =IF(OR(23=48,$B$28<>1),"",$C$28) | BG28: =IF(OR(23=49,$B$28<>1),"",$C$28)
A29: =IF(Clients!A29="","",Clients!A29) | B29: =IF(A29="",0,IF(AND(Clients!K29=1,ISNUMBER(Clients!D29),ISNUMBER(INDEX(Clients!E29:J29,1,MATCH(Setup!$B$7,Clients!$E$4:$J$4,0)))),1,0)) | C29: =IF(B29=1,INDEX(Clients!E29:J29,1,MATCH(Setup!$B$7,Clients!$E$4:$J$4,0)),"") | D29: =IF(B29<>1,"",IF(COUNT(AH5:AH54)=0,"",MEDIAN(AH5:AH54))) | E29: =IF(B29=1,Clients!D29,"") | G29: =IF(AND(B29=1,ISNUMBER(F29)),F29-E29,"") | J29: =IF(OR(24=0,$B$29<>1),"",$C$29) | K29: =IF(OR(24=1,$B$29<>1),"",$C$29) | L29: =IF(OR(24=2,$B$29<>1),"",$C$29) | M29: =IF(OR(24=3,$B$29<>1),"",$C$29) | N29: =IF(OR(24=4,$B$29<>1),"",$C$29) | O29: =IF(OR(24=5,$B$29<>1),"",$C$29) | P29: =IF(OR(24=6,$B$29<>1),"",$C$29) | Q29: =IF(OR(24=7,$B$29<>1),"",$C$29) | R29: =IF(OR(24=8,$B$29<>1),"",$C$29) | S29: =IF(OR(24=9,$B$29<>1),"",$C$29) | T29: =IF(OR(24=10,$B$29<>1),"",$C$29) | U29: =IF(OR(24=11,$B$29<>1),"",$C$29) | V29: =IF(OR(24=12,$B$29<>1),"",$C$29) | W29: =IF(OR(24=13,$B$29<>1),"",$C$29) | X29: =IF(OR(24=14,$B$29<>1),"",$C$29) | Y29: =IF(OR(24=15,$B$29<>1),"",$C$29) | Z29: =IF(OR(24=16,$B$29<>1),"",$C$29) | AA29: =IF(OR(24=17,$B$29<>1),"",$C$29) | AB29: =IF(OR(24=18,$B$29<>1),"",$C$29) | AC29: =IF(OR(24=19,$B$29<>1),"",$C$29) | AD29: =IF(OR(24=20,$B$29<>1),"",$C$29) | AE29: =IF(OR(24=21,$B$29<>1),"",$C$29) | AF29: =IF(OR(24=22,$B$29<>1),"",$C$29) | AG29: =IF(OR(24=23,$B$29<>1),"",$C$29) | AH29: =IF(OR(24=24,$B$29<>1),"",$C$29) | AI29: =IF(OR(24=25,$B$29<>1),"",$C$29) | AJ29: =IF(OR(24=26,$B$29<>1),"",$C$29) | AK29: =IF(OR(24=27,$B$29<>1),"",$C$29) | AL29: =IF(OR(24=28,$B$29<>1),"",$C$29) | AM29: =IF(OR(24=29,$B$29<>1),"",$C$29) | AN29: =IF(OR(24=30,$B$29<>1),"",$C$29) | AO29: =IF(OR(24=31,$B$29<>1),"",$C$29) | AP29: =IF(OR(24=32,$B$29<>1),"",$C$29) | AQ29: =IF(OR(24=33,$B$29<>1),"",$C$29) | AR29: =IF(OR(24=34,$B$29<>1),"",$C$29) | AS29: =IF(OR(24=35,$B$29<>1),"",$C$29) | AT29: =IF(OR(24=36,$B$29<>1),"",$C$29) | AU29: =IF(OR(24=37,$B$29<>1),"",$C$29) | AV29: =IF(OR(24=38,$B$29<>1),"",$C$29) | AW29: =IF(OR(24=39,$B$29<>1),"",$C$29) | AX29: =IF(OR(24=40,$B$29<>1),"",$C$29) | AY29: =IF(OR(24=41,$B$29<>1),"",$C$29) | AZ29: =IF(OR(24=42,$B$29<>1),"",$C$29) | BA29: =IF(OR(24=43,$B$29<>1),"",$C$29) | BB29: =IF(OR(24=44,$B$29<>1),"",$C$29) | BC29: =IF(OR(24=45,$B$29<>1),"",$C$29) | BD29: =IF(OR(24=46,$B$29<>1),"",$C$29) | BE29: =IF(OR(24=47,$B$29<>1),"",$C$29) | BF29: =IF(OR(24=48,$B$29<>1),"",$C$29) | BG29: =IF(OR(24=49,$B$29<>1),"",$C$29)
A30: =IF(Clients!A30="","",Clients!A30) | B30: =IF(A30="",0,IF(AND(Clients!K30=1,ISNUMBER(Clients!D30),ISNUMBER(INDEX(Clients!E30:J30,1,MATCH(Setup!$B$7,Clients!$E$4:$J$4,0)))),1,0)) | C30: =IF(B30=1,INDEX(Clients!E30:J30,1,MATCH(Setup!$B$7,Clients!$E$4:$J$4,0)),"") | D30: =IF(B30<>1,"",IF(COUNT(AI5:AI54)=0,"",MEDIAN(AI5:AI54))) | E30: =IF(B30=1,Clients!D30,"") | G30: =IF(AND(B30=1,ISNUMBER(F30)),F30-E30,"") | J30: =IF(OR(25=0,$B$30<>1),"",$C$30) | K30: =IF(OR(25=1,$B$30<>1),"",$C$30) | L30: =IF(OR(25=2,$B$30<>1),"",$C$30) | M30: =IF(OR(25=3,$B$30<>1),"",$C$30) | N30: =IF(OR(25=4,$B$30<>1),"",$C$30) | O30: =IF(OR(25=5,$B$30<>1),"",$C$30) | P30: =IF(OR(25=6,$B$30<>1),"",$C$30) | Q30: =IF(OR(25=7,$B$30<>1),"",$C$30) | R30: =IF(OR(25=8,$B$30<>1),"",$C$30) | S30: =IF(OR(25=9,$B$30<>1),"",$C$30) | T30: =IF(OR(25=10,$B$30<>1),"",$C$30) | U30: =IF(OR(25=11,$B$30<>1),"",$C$30) | V30: =IF(OR(25=12,$B$30<>1),"",$C$30) | W30: =IF(OR(25=13,$B$30<>1),"",$C$30) | X30: =IF(OR(25=14,$B$30<>1),"",$C$30) | Y30: =IF(OR(25=15,$B$30<>1),"",$C$30) | Z30: =IF(OR(25=16,$B$30<>1),"",$C$30) | AA30: =IF(OR(25=17,$B$30<>1),"",$C$30) | AB30: =IF(OR(25=18,$B$30<>1),"",$C$30) | AC30: =IF(OR(25=19,$B$30<>1),"",$C$30) | AD30: =IF(OR(25=20,$B$30<>1),"",$C$30) | AE30: =IF(OR(25=21,$B$30<>1),"",$C$30) | AF30: =IF(OR(25=22,$B$30<>1),"",$C$30) | AG30: =IF(OR(25=23,$B$30<>1),"",$C$30) | AH30: =IF(OR(25=24,$B$30<>1),"",$C$30) | AI30: =IF(OR(25=25,$B$30<>1),"",$C$30) | AJ30: =IF(OR(25=26,$B$30<>1),"",$C$30) | AK30: =IF(OR(25=27,$B$30<>1),"",$C$30) | AL30: =IF(OR(25=28,$B$30<>1),"",$C$30) | AM30: =IF(OR(25=29,$B$30<>1),"",$C$30) | AN30: =IF(OR(25=30,$B$30<>1),"",$C$30) | AO30: =IF(OR(25=31,$B$30<>1),"",$C$30) | AP30: =IF(OR(25=32,$B$30<>1),"",$C$30) | AQ30: =IF(OR(25=33,$B$30<>1),"",$C$30) | AR30: =IF(OR(25=34,$B$30<>1),"",$C$30) | AS30: =IF(OR(25=35,$B$30<>1),"",$C$30) | AT30: =IF(OR(25=36,$B$30<>1),"",$C$30) | AU30: =IF(OR(25=37,$B$30<>1),"",$C$30) | AV30: =IF(OR(25=38,$B$30<>1),"",$C$30) | AW30: =IF(OR(25=39,$B$30<>1),"",$C$30) | AX30: =IF(OR(25=40,$B$30<>1),"",$C$30) | AY30: =IF(OR(25=41,$B$30<>1),"",$C$30) | AZ30: =IF(OR(25=42,$B$30<>1),"",$C$30) | BA30: =IF(OR(25=43,$B$30<>1),"",$C$30) | BB30: =IF(OR(25=44,$B$30<>1),"",$C$30) | BC30: =IF(OR(25=45,$B$30<>1),"",$C$30) | BD30: =IF(OR(25=46,$B$30<>1),"",$C$30) | BE30: =IF(OR(25=47,$B$30<>1),"",$C$30) | BF30: =IF(OR(25=48,$B$30<>1),"",$C$30) | BG30: =IF(OR(25=49,$B$30<>1),"",$C$30)
A31: =IF(Clients!A31="","",Clients!A31) | B31: =IF(A31="",0,IF(AND(Clients!K31=1,ISNUMBER(Clients!D31),ISNUMBER(INDEX(Clients!E31:J31,1,MATCH(Setup!$B$7,Clients!$E$4:$J$4,0)))),1,0)) | C31: =IF(B31=1,INDEX(Clients!E31:J31,1,MATCH(Setup!$B$7,Clients!$E$4:$J$4,0)),"") | D31: =IF(B31<>1,"",IF(COUNT(AJ5:AJ54)=0,"",MEDIAN(AJ5:AJ54))) | E31: =IF(B31=1,Clients!D31,"") | G31: =IF(AND(B31=1,ISNUMBER(F31)),F31-E31,"") | J31: =IF(OR(26=0,$B$31<>1),"",$C$31) | K31: =IF(OR(26=1,$B$31<>1),"",$C$31) | L31: =IF(OR(26=2,$B$31<>1),"",$C$31) | M31: =IF(OR(26=3,$B$31<>1),"",$C$31) | N31: =IF(OR(26=4,$B$31<>1),"",$C$31) | O31: =IF(OR(26=5,$B$31<>1),"",$C$31) | P31: =IF(OR(26=6,$B$31<>1),"",$C$31) | Q31: =IF(OR(26=7,$B$31<>1),"",$C$31) | R31: =IF(OR(26=8,$B$31<>1),"",$C$31) | S31: =IF(OR(26=9,$B$31<>1),"",$C$31) | T31: =IF(OR(26=10,$B$31<>1),"",$C$31) | U31: =IF(OR(26=11,$B$31<>1),"",$C$31) | V31: =IF(OR(26=12,$B$31<>1),"",$C$31) | W31: =IF(OR(26=13,$B$31<>1),"",$C$31) | X31: =IF(OR(26=14,$B$31<>1),"",$C$31) | Y31: =IF(OR(26=15,$B$31<>1),"",$C$31) | Z31: =IF(OR(26=16,$B$31<>1),"",$C$31) | AA31: =IF(OR(26=17,$B$31<>1),"",$C$31) | AB31: =IF(OR(26=18,$B$31<>1),"",$C$31) | AC31: =IF(OR(26=19,$B$31<>1),"",$C$31) | AD31: =IF(OR(26=20,$B$31<>1),"",$C$31) | AE31: =IF(OR(26=21,$B$31<>1),"",$C$31) | AF31: =IF(OR(26=22,$B$31<>1),"",$C$31) | AG31: =IF(OR(26=23,$B$31<>1),"",$C$31) | AH31: =IF(OR(26=24,$B$31<>1),"",$C$31) | AI31: =IF(OR(26=25,$B$31<>1),"",$C$31) | AJ31: =IF(OR(26=26,$B$31<>1),"",$C$31) | AK31: =IF(OR(26=27,$B$31<>1),"",$C$31) | AL31: =IF(OR(26=28,$B$31<>1),"",$C$31) | AM31: =IF(OR(26=29,$B$31<>1),"",$C$31) | AN31: =IF(OR(26=30,$B$31<>1),"",$C$31) | AO31: =IF(OR(26=31,$B$31<>1),"",$C$31) | AP31: =IF(OR(26=32,$B$31<>1),"",$C$31) | AQ31: =IF(OR(26=33,$B$31<>1),"",$C$31) | AR31: =IF(OR(26=34,$B$31<>1),"",$C$31) | AS31: =IF(OR(26=35,$B$31<>1),"",$C$31) | AT31: =IF(OR(26=36,$B$31<>1),"",$C$31) | AU31: =IF(OR(26=37,$B$31<>1),"",$C$31) | AV31: =IF(OR(26=38,$B$31<>1),"",$C$31) | AW31: =IF(OR(26=39,$B$31<>1),"",$C$31) | AX31: =IF(OR(26=40,$B$31<>1),"",$C$31) | AY31: =IF(OR(26=41,$B$31<>1),"",$C$31) | AZ31: =IF(OR(26=42,$B$31<>1),"",$C$31) | BA31: =IF(OR(26=43,$B$31<>1),"",$C$31) | BB31: =IF(OR(26=44,$B$31<>1),"",$C$31) | BC31: =IF(OR(26=45,$B$31<>1),"",$C$31) | BD31: =IF(OR(26=46,$B$31<>1),"",$C$31) | BE31: =IF(OR(26=47,$B$31<>1),"",$C$31) | BF31: =IF(OR(26=48,$B$31<>1),"",$C$31) | BG31: =IF(OR(26=49,$B$31<>1),"",$C$31)
A32: =IF(Clients!A32="","",Clients!A32) | B32: =IF(A32="",0,IF(AND(Clients!K32=1,ISNUMBER(Clients!D32),ISNUMBER(INDEX(Clients!E32:J32,1,MATCH(Setup!$B$7,Clients!$E$4:$J$4,0)))),1,0)) | C32: =IF(B32=1,INDEX(Clients!E32:J32,1,MATCH(Setup!$B$7,Clients!$E$4:$J$4,0)),"") | D32: =IF(B32<>1,"",IF(COUNT(AK5:AK54)=0,"",MEDIAN(AK5:AK54))) | E32: =IF(B32=1,Clients!D32,"") | G32: =IF(AND(B32=1,ISNUMBER(F32)),F32-E32,"") | J32: =IF(OR(27=0,$B$32<>1),"",$C$32) | K32: =IF(OR(27=1,$B$32<>1),"",$C$32) | L32: =IF(OR(27=2,$B$32<>1),"",$C$32) | M32: =IF(OR(27=3,$B$32<>1),"",$C$32) | N32: =IF(OR(27=4,$B$32<>1),"",$C$32) | O32: =IF(OR(27=5,$B$32<>1),"",$C$32) | P32: =IF(OR(27=6,$B$32<>1),"",$C$32) | Q32: =IF(OR(27=7,$B$32<>1),"",$C$32) | R32: =IF(OR(27=8,$B$32<>1),"",$C$32) | S32: =IF(OR(27=9,$B$32<>1),"",$C$32) | T32: =IF(OR(27=10,$B$32<>1),"",$C$32) | U32: =IF(OR(27=11,$B$32<>1),"",$C$32) | V32: =IF(OR(27=12,$B$32<>1),"",$C$32) | W32: =IF(OR(27=13,$B$32<>1),"",$C$32) | X32: =IF(OR(27=14,$B$32<>1),"",$C$32) | Y32: =IF(OR(27=15,$B$32<>1),"",$C$32) | Z32: =IF(OR(27=16,$B$32<>1),"",$C$32) | AA32: =IF(OR(27=17,$B$32<>1),"",$C$32) | AB32: =IF(OR(27=18,$B$32<>1),"",$C$32) | AC32: =IF(OR(27=19,$B$32<>1),"",$C$32) | AD32: =IF(OR(27=20,$B$32<>1),"",$C$32) | AE32: =IF(OR(27=21,$B$32<>1),"",$C$32) | AF32: =IF(OR(27=22,$B$32<>1),"",$C$32) | AG32: =IF(OR(27=23,$B$32<>1),"",$C$32) | AH32: =IF(OR(27=24,$B$32<>1),"",$C$32) | AI32: =IF(OR(27=25,$B$32<>1),"",$C$32) | AJ32: =IF(OR(27=26,$B$32<>1),"",$C$32) | AK32: =IF(OR(27=27,$B$32<>1),"",$C$32) | AL32: =IF(OR(27=28,$B$32<>1),"",$C$32) | AM32: =IF(OR(27=29,$B$32<>1),"",$C$32) | AN32: =IF(OR(27=30,$B$32<>1),"",$C$32) | AO32: =IF(OR(27=31,$B$32<>1),"",$C$32) | AP32: =IF(OR(27=32,$B$32<>1),"",$C$32) | AQ32: =IF(OR(27=33,$B$32<>1),"",$C$32) | AR32: =IF(OR(27=34,$B$32<>1),"",$C$32) | AS32: =IF(OR(27=35,$B$32<>1),"",$C$32) | AT32: =IF(OR(27=36,$B$32<>1),"",$C$32) | AU32: =IF(OR(27=37,$B$32<>1),"",$C$32) | AV32: =IF(OR(27=38,$B$32<>1),"",$C$32) | AW32: =IF(OR(27=39,$B$32<>1),"",$C$32) | AX32: =IF(OR(27=40,$B$32<>1),"",$C$32) | AY32: =IF(OR(27=41,$B$32<>1),"",$C$32) | AZ32: =IF(OR(27=42,$B$32<>1),"",$C$32) | BA32: =IF(OR(27=43,$B$32<>1),"",$C$32) | BB32: =IF(OR(27=44,$B$32<>1),"",$C$32) | BC32: =IF(OR(27=45,$B$32<>1),"",$C$32) | BD32: =IF(OR(27=46,$B$32<>1),"",$C$32) | BE32: =IF(OR(27=47,$B$32<>1),"",$C$32) | BF32: =IF(OR(27=48,$B$32<>1),"",$C$32) | BG32: =IF(OR(27=49,$B$32<>1),"",$C$32)
A33: =IF(Clients!A33="","",Clients!A33) | B33: =IF(A33="",0,IF(AND(Clients!K33=1,ISNUMBER(Clients!D33),ISNUMBER(INDEX(Clients!E33:J33,1,MATCH(Setup!$B$7,Clients!$E$4:$J$4,0)))),1,0)) | C33: =IF(B33=1,INDEX(Clients!E33:J33,1,MATCH(Setup!$B$7,Clients!$E$4:$J$4,0)),"") | D33: =IF(B33<>1,"",IF(COUNT(AL5:AL54)=0,"",MEDIAN(AL5:AL54))) | E33: =IF(B33=1,Clients!D33,"") | G33: =IF(AND(B33=1,ISNUMBER(F33)),F33-E33,"") | J33: =IF(OR(28=0,$B$33<>1),"",$C$33) | K33: =IF(OR(28=1,$B$33<>1),"",$C$33) | L33: =IF(OR(28=2,$B$33<>1),"",$C$33) | M33: =IF(OR(28=3,$B$33<>1),"",$C$33) | N33: =IF(OR(28=4,$B$33<>1),"",$C$33) | O33: =IF(OR(28=5,$B$33<>1),"",$C$33) | P33: =IF(OR(28=6,$B$33<>1),"",$C$33) | Q33: =IF(OR(28=7,$B$33<>1),"",$C$33) | R33: =IF(OR(28=8,$B$33<>1),"",$C$33) | S33: =IF(OR(28=9,$B$33<>1),"",$C$33) | T33: =IF(OR(28=10,$B$33<>1),"",$C$33) | U33: =IF(OR(28=11,$B$33<>1),"",$C$33) | V33: =IF(OR(28=12,$B$33<>1),"",$C$33) | W33: =IF(OR(28=13,$B$33<>1),"",$C$33) | X33: =IF(OR(28=14,$B$33<>1),"",$C$33) | Y33: =IF(OR(28=15,$B$33<>1),"",$C$33) | Z33: =IF(OR(28=16,$B$33<>1),"",$C$33) | AA33: =IF(OR(28=17,$B$33<>1),"",$C$33) | AB33: =IF(OR(28=18,$B$33<>1),"",$C$33) | AC33: =IF(OR(28=19,$B$33<>1),"",$C$33) | AD33: =IF(OR(28=20,$B$33<>1),"",$C$33) | AE33: =IF(OR(28=21,$B$33<>1),"",$C$33) | AF33: =IF(OR(28=22,$B$33<>1),"",$C$33) | AG33: =IF(OR(28=23,$B$33<>1),"",$C$33) | AH33: =IF(OR(28=24,$B$33<>1),"",$C$33) | AI33: =IF(OR(28=25,$B$33<>1),"",$C$33) | AJ33: =IF(OR(28=26,$B$33<>1),"",$C$33) | AK33: =IF(OR(28=27,$B$33<>1),"",$C$33) | AL33: =IF(OR(28=28,$B$33<>1),"",$C$33) | AM33: =IF(OR(28=29,$B$33<>1),"",$C$33) | AN33: =IF(OR(28=30,$B$33<>1),"",$C$33) | AO33: =IF(OR(28=31,$B$33<>1),"",$C$33) | AP33: =IF(OR(28=32,$B$33<>1),"",$C$33) | AQ33: =IF(OR(28=33,$B$33<>1),"",$C$33) | AR33: =IF(OR(28=34,$B$33<>1),"",$C$33) | AS33: =IF(OR(28=35,$B$33<>1),"",$C$33) | AT33: =IF(OR(28=36,$B$33<>1),"",$C$33) | AU33: =IF(OR(28=37,$B$33<>1),"",$C$33) | AV33: =IF(OR(28=38,$B$33<>1),"",$C$33) | AW33: =IF(OR(28=39,$B$33<>1),"",$C$33) | AX33: =IF(OR(28=40,$B$33<>1),"",$C$33) | AY33: =IF(OR(28=41,$B$33<>1),"",$C$33) | AZ33: =IF(OR(28=42,$B$33<>1),"",$C$33) | BA33: =IF(OR(28=43,$B$33<>1),"",$C$33) | BB33: =IF(OR(28=44,$B$33<>1),"",$C$33) | BC33: =IF(OR(28=45,$B$33<>1),"",$C$33) | BD33: =IF(OR(28=46,$B$33<>1),"",$C$33) | BE33: =IF(OR(28=47,$B$33<>1),"",$C$33) | BF33: =IF(OR(28=48,$B$33<>1),"",$C$33) | BG33: =IF(OR(28=49,$B$33<>1),"",$C$33)
A34: =IF(Clients!A34="","",Clients!A34) | B34: =IF(A34="",0,IF(AND(Clients!K34=1,ISNUMBER(Clients!D34),ISNUMBER(INDEX(Clients!E34:J34,1,MATCH(Setup!$B$7,Clients!$E$4:$J$4,0)))),1,0)) | C34: =IF(B34=1,INDEX(Clients!E34:J34,1,MATCH(Setup!$B$7,Clients!$E$4:$J$4,0)),"") | D34: =IF(B34<>1,"",IF(COUNT(AM5:AM54)=0,"",MEDIAN(AM5:AM54))) | E34: =IF(B34=1,Clients!D34,"") | G34: =IF(AND(B34=1,ISNUMBER(F34)),F34-E34,"") | J34: =IF(OR(29=0,$B$34<>1),"",$C$34) | K34: =IF(OR(29=1,$B$34<>1),"",$C$34) | L34: =IF(OR(29=2,$B$34<>1),"",$C$34) | M34: =IF(OR(29=3,$B$34<>1),"",$C$34) | N34: =IF(OR(29=4,$B$34<>1),"",$C$34) | O34: =IF(OR(29=5,$B$34<>1),"",$C$34) | P34: =IF(OR(29=6,$B$34<>1),"",$C$34) | Q34: =IF(OR(29=7,$B$34<>1),"",$C$34) | R34: =IF(OR(29=8,$B$34<>1),"",$C$34) | S34: =IF(OR(29=9,$B$34<>1),"",$C$34) | T34: =IF(OR(29=10,$B$34<>1),"",$C$34) | U34: =IF(OR(29=11,$B$34<>1),"",$C$34) | V34: =IF(OR(29=12,$B$34<>1),"",$C$34) | W34: =IF(OR(29=13,$B$34<>1),"",$C$34) | X34: =IF(OR(29=14,$B$34<>1),"",$C$34) | Y34: =IF(OR(29=15,$B$34<>1),"",$C$34) | Z34: =IF(OR(29=16,$B$34<>1),"",$C$34) | AA34: =IF(OR(29=17,$B$34<>1),"",$C$34) | AB34: =IF(OR(29=18,$B$34<>1),"",$C$34) | AC34: =IF(OR(29=19,$B$34<>1),"",$C$34) | AD34: =IF(OR(29=20,$B$34<>1),"",$C$34) | AE34: =IF(OR(29=21,$B$34<>1),"",$C$34) | AF34: =IF(OR(29=22,$B$34<>1),"",$C$34) | AG34: =IF(OR(29=23,$B$34<>1),"",$C$34) | AH34: =IF(OR(29=24,$B$34<>1),"",$C$34) | AI34: =IF(OR(29=25,$B$34<>1),"",$C$34) | AJ34: =IF(OR(29=26,$B$34<>1),"",$C$34) | AK34: =IF(OR(29=27,$B$34<>1),"",$C$34) | AL34: =IF(OR(29=28,$B$34<>1),"",$C$34) | AM34: =IF(OR(29=29,$B$34<>1),"",$C$34) | AN34: =IF(OR(29=30,$B$34<>1),"",$C$34) | AO34: =IF(OR(29=31,$B$34<>1),"",$C$34) | AP34: =IF(OR(29=32,$B$34<>1),"",$C$34) | AQ34: =IF(OR(29=33,$B$34<>1),"",$C$34) | AR34: =IF(OR(29=34,$B$34<>1),"",$C$34) | AS34: =IF(OR(29=35,$B$34<>1),"",$C$34) | AT34: =IF(OR(29=36,$B$34<>1),"",$C$34) | AU34: =IF(OR(29=37,$B$34<>1),"",$C$34) | AV34: =IF(OR(29=38,$B$34<>1),"",$C$34) | AW34: =IF(OR(29=39,$B$34<>1),"",$C$34) | AX34: =IF(OR(29=40,$B$34<>1),"",$C$34) | AY34: =IF(OR(29=41,$B$34<>1),"",$C$34) | AZ34: =IF(OR(29=42,$B$34<>1),"",$C$34) | BA34: =IF(OR(29=43,$B$34<>1),"",$C$34) | BB34: =IF(OR(29=44,$B$34<>1),"",$C$34) | BC34: =IF(OR(29=45,$B$34<>1),"",$C$34) | BD34: =IF(OR(29=46,$B$34<>1),"",$C$34) | BE34: =IF(OR(29=47,$B$34<>1),"",$C$34) | BF34: =IF(OR(29=48,$B$34<>1),"",$C$34) | BG34: =IF(OR(29=49,$B$34<>1),"",$C$34)
A35: =IF(Clients!A35="","",Clients!A35) | B35: =IF(A35="",0,IF(AND(Clients!K35=1,ISNUMBER(Clients!D35),ISNUMBER(INDEX(Clients!E35:J35,1,MATCH(Setup!$B$7,Clients!$E$4:$J$4,0)))),1,0)) | C35: =IF(B35=1,INDEX(Clients!E35:J35,1,MATCH(Setup!$B$7,Clients!$E$4:$J$4,0)),"") | D35: =IF(B35<>1,"",IF(COUNT(AN5:AN54)=0,"",MEDIAN(AN5:AN54))) | E35: =IF(B35=1,Clients!D35,"") | G35: =IF(AND(B35=1,ISNUMBER(F35)),F35-E35,"") | J35: =IF(OR(30=0,$B$35<>1),"",$C$35) | K35: =IF(OR(30=1,$B$35<>1),"",$C$35) | L35: =IF(OR(30=2,$B$35<>1),"",$C$35) | M35: =IF(OR(30=3,$B$35<>1),"",$C$35) | N35: =IF(OR(30=4,$B$35<>1),"",$C$35) | O35: =IF(OR(30=5,$B$35<>1),"",$C$35) | P35: =IF(OR(30=6,$B$35<>1),"",$C$35) | Q35: =IF(OR(30=7,$B$35<>1),"",$C$35) | R35: =IF(OR(30=8,$B$35<>1),"",$C$35) | S35: =IF(OR(30=9,$B$35<>1),"",$C$35) | T35: =IF(OR(30=10,$B$35<>1),"",$C$35) | U35: =IF(OR(30=11,$B$35<>1),"",$C$35) | V35: =IF(OR(30=12,$B$35<>1),"",$C$35) | W35: =IF(OR(30=13,$B$35<>1),"",$C$35) | X35: =IF(OR(30=14,$B$35<>1),"",$C$35) | Y35: =IF(OR(30=15,$B$35<>1),"",$C$35) | Z35: =IF(OR(30=16,$B$35<>1),"",$C$35) | AA35: =IF(OR(30=17,$B$35<>1),"",$C$35) | AB35: =IF(OR(30=18,$B$35<>1),"",$C$35) | AC35: =IF(OR(30=19,$B$35<>1),"",$C$35) | AD35: =IF(OR(30=20,$B$35<>1),"",$C$35) | AE35: =IF(OR(30=21,$B$35<>1),"",$C$35) | AF35: =IF(OR(30=22,$B$35<>1),"",$C$35) | AG35: =IF(OR(30=23,$B$35<>1),"",$C$35) | AH35: =IF(OR(30=24,$B$35<>1),"",$C$35) | AI35: =IF(OR(30=25,$B$35<>1),"",$C$35) | AJ35: =IF(OR(30=26,$B$35<>1),"",$C$35) | AK35: =IF(OR(30=27,$B$35<>1),"",$C$35) | AL35: =IF(OR(30=28,$B$35<>1),"",$C$35) | AM35: =IF(OR(30=29,$B$35<>1),"",$C$35) | AN35: =IF(OR(30=30,$B$35<>1),"",$C$35) | AO35: =IF(OR(30=31,$B$35<>1),"",$C$35) | AP35: =IF(OR(30=32,$B$35<>1),"",$C$35) | AQ35: =IF(OR(30=33,$B$35<>1),"",$C$35) | AR35: =IF(OR(30=34,$B$35<>1),"",$C$35) | AS35: =IF(OR(30=35,$B$35<>1),"",$C$35) | AT35: =IF(OR(30=36,$B$35<>1),"",$C$35) | AU35: =IF(OR(30=37,$B$35<>1),"",$C$35) | AV35: =IF(OR(30=38,$B$35<>1),"",$C$35) | AW35: =IF(OR(30=39,$B$35<>1),"",$C$35) | AX35: =IF(OR(30=40,$B$35<>1),"",$C$35) | AY35: =IF(OR(30=41,$B$35<>1),"",$C$35) | AZ35: =IF(OR(30=42,$B$35<>1),"",$C$35) | BA35: =IF(OR(30=43,$B$35<>1),"",$C$35) | BB35: =IF(OR(30=44,$B$35<>1),"",$C$35) | BC35: =IF(OR(30=45,$B$35<>1),"",$C$35) | BD35: =IF(OR(30=46,$B$35<>1),"",$C$35) | BE35: =IF(OR(30=47,$B$35<>1),"",$C$35) | BF35: =IF(OR(30=48,$B$35<>1),"",$C$35) | BG35: =IF(OR(30=49,$B$35<>1),"",$C$35)
A36: =IF(Clients!A36="","",Clients!A36) | B36: =IF(A36="",0,IF(AND(Clients!K36=1,ISNUMBER(Clients!D36),ISNUMBER(INDEX(Clients!E36:J36,1,MATCH(Setup!$B$7,Clients!$E$4:$J$4,0)))),1,0)) | C36: =IF(B36=1,INDEX(Clients!E36:J36,1,MATCH(Setup!$B$7,Clients!$E$4:$J$4,0)),"") | D36: =IF(B36<>1,"",IF(COUNT(AO5:AO54)=0,"",MEDIAN(AO5:AO54))) | E36: =IF(B36=1,Clients!D36,"") | G36: =IF(AND(B36=1,ISNUMBER(F36)),F36-E36,"") | J36: =IF(OR(31=0,$B$36<>1),"",$C$36) | K36: =IF(OR(31=1,$B$36<>1),"",$C$36) | L36: =IF(OR(31=2,$B$36<>1),"",$C$36) | M36: =IF(OR(31=3,$B$36<>1),"",$C$36) | N36: =IF(OR(31=4,$B$36<>1),"",$C$36) | O36: =IF(OR(31=5,$B$36<>1),"",$C$36) | P36: =IF(OR(31=6,$B$36<>1),"",$C$36) | Q36: =IF(OR(31=7,$B$36<>1),"",$C$36) | R36: =IF(OR(31=8,$B$36<>1),"",$C$36) | S36: =IF(OR(31=9,$B$36<>1),"",$C$36) | T36: =IF(OR(31=10,$B$36<>1),"",$C$36) | U36: =IF(OR(31=11,$B$36<>1),"",$C$36) | V36: =IF(OR(31=12,$B$36<>1),"",$C$36) | W36: =IF(OR(31=13,$B$36<>1),"",$C$36) | X36: =IF(OR(31=14,$B$36<>1),"",$C$36) | Y36: =IF(OR(31=15,$B$36<>1),"",$C$36) | Z36: =IF(OR(31=16,$B$36<>1),"",$C$36) | AA36: =IF(OR(31=17,$B$36<>1),"",$C$36) | AB36: =IF(OR(31=18,$B$36<>1),"",$C$36) | AC36: =IF(OR(31=19,$B$36<>1),"",$C$36) | AD36: =IF(OR(31=20,$B$36<>1),"",$C$36) | AE36: =IF(OR(31=21,$B$36<>1),"",$C$36) | AF36: =IF(OR(31=22,$B$36<>1),"",$C$36) | AG36: =IF(OR(31=23,$B$36<>1),"",$C$36) | AH36: =IF(OR(31=24,$B$36<>1),"",$C$36) | AI36: =IF(OR(31=25,$B$36<>1),"",$C$36) | AJ36: =IF(OR(31=26,$B$36<>1),"",$C$36) | AK36: =IF(OR(31=27,$B$36<>1),"",$C$36) | AL36: =IF(OR(31=28,$B$36<>1),"",$C$36) | AM36: =IF(OR(31=29,$B$36<>1),"",$C$36) | AN36: =IF(OR(31=30,$B$36<>1),"",$C$36) | AO36: =IF(OR(31=31,$B$36<>1),"",$C$36) | AP36: =IF(OR(31=32,$B$36<>1),"",$C$36) | AQ36: =IF(OR(31=33,$B$36<>1),"",$C$36) | AR36: =IF(OR(31=34,$B$36<>1),"",$C$36) | AS36: =IF(OR(31=35,$B$36<>1),"",$C$36) | AT36: =IF(OR(31=36,$B$36<>1),"",$C$36) | AU36: =IF(OR(31=37,$B$36<>1),"",$C$36) | AV36: =IF(OR(31=38,$B$36<>1),"",$C$36) | AW36: =IF(OR(31=39,$B$36<>1),"",$C$36) | AX36: =IF(OR(31=40,$B$36<>1),"",$C$36) | AY36: =IF(OR(31=41,$B$36<>1),"",$C$36) | AZ36: =IF(OR(31=42,$B$36<>1),"",$C$36) | BA36: =IF(OR(31=43,$B$36<>1),"",$C$36) | BB36: =IF(OR(31=44,$B$36<>1),"",$C$36) | BC36: =IF(OR(31=45,$B$36<>1),"",$C$36) | BD36: =IF(OR(31=46,$B$36<>1),"",$C$36) | BE36: =IF(OR(31=47,$B$36<>1),"",$C$36) | BF36: =IF(OR(31=48,$B$36<>1),"",$C$36) | BG36: =IF(OR(31=49,$B$36<>1),"",$C$36)
A37: =IF(Clients!A37="","",Clients!A37) | B37: =IF(A37="",0,IF(AND(Clients!K37=1,ISNUMBER(Clients!D37),ISNUMBER(INDEX(Clients!E37:J37,1,MATCH(Setup!$B$7,Clients!$E$4:$J$4,0)))),1,0)) | C37: =IF(B37=1,INDEX(Clients!E37:J37,1,MATCH(Setup!$B$7,Clients!$E$4:$J$4,0)),"") | D37: =IF(B37<>1,"",IF(COUNT(AP5:AP54)=0,"",MEDIAN(AP5:AP54))) | E37: =IF(B37=1,Clients!D37,"") | G37: =IF(AND(B37=1,ISNUMBER(F37)),F37-E37,"") | J37: =IF(OR(32=0,$B$37<>1),"",$C$37) | K37: =IF(OR(32=1,$B$37<>1),"",$C$37) | L37: =IF(OR(32=2,$B$37<>1),"",$C$37) | M37: =IF(OR(32=3,$B$37<>1),"",$C$37) | N37: =IF(OR(32=4,$B$37<>1),"",$C$37) | O37: =IF(OR(32=5,$B$37<>1),"",$C$37) | P37: =IF(OR(32=6,$B$37<>1),"",$C$37) | Q37: =IF(OR(32=7,$B$37<>1),"",$C$37) | R37: =IF(OR(32=8,$B$37<>1),"",$C$37) | S37: =IF(OR(32=9,$B$37<>1),"",$C$37) | T37: =IF(OR(32=10,$B$37<>1),"",$C$37) | U37: =IF(OR(32=11,$B$37<>1),"",$C$37) | V37: =IF(OR(32=12,$B$37<>1),"",$C$37) | W37: =IF(OR(32=13,$B$37<>1),"",$C$37) | X37: =IF(OR(32=14,$B$37<>1),"",$C$37) | Y37: =IF(OR(32=15,$B$37<>1),"",$C$37) | Z37: =IF(OR(32=16,$B$37<>1),"",$C$37) | AA37: =IF(OR(32=17,$B$37<>1),"",$C$37) | AB37: =IF(OR(32=18,$B$37<>1),"",$C$37) | AC37: =IF(OR(32=19,$B$37<>1),"",$C$37) | AD37: =IF(OR(32=20,$B$37<>1),"",$C$37) | AE37: =IF(OR(32=21,$B$37<>1),"",$C$37) | AF37: =IF(OR(32=22,$B$37<>1),"",$C$37) | AG37: =IF(OR(32=23,$B$37<>1),"",$C$37) | AH37: =IF(OR(32=24,$B$37<>1),"",$C$37) | AI37: =IF(OR(32=25,$B$37<>1),"",$C$37) | AJ37: =IF(OR(32=26,$B$37<>1),"",$C$37) | AK37: =IF(OR(32=27,$B$37<>1),"",$C$37) | AL37: =IF(OR(32=28,$B$37<>1),"",$C$37) | AM37: =IF(OR(32=29,$B$37<>1),"",$C$37) | AN37: =IF(OR(32=30,$B$37<>1),"",$C$37) | AO37: =IF(OR(32=31,$B$37<>1),"",$C$37) | AP37: =IF(OR(32=32,$B$37<>1),"",$C$37) | AQ37: =IF(OR(32=33,$B$37<>1),"",$C$37) | AR37: =IF(OR(32=34,$B$37<>1),"",$C$37) | AS37: =IF(OR(32=35,$B$37<>1),"",$C$37) | AT37: =IF(OR(32=36,$B$37<>1),"",$C$37) | AU37: =IF(OR(32=37,$B$37<>1),"",$C$37) | AV37: =IF(OR(32=38,$B$37<>1),"",$C$37) | AW37: =IF(OR(32=39,$B$37<>1),"",$C$37) | AX37: =IF(OR(32=40,$B$37<>1),"",$C$37) | AY37: =IF(OR(32=41,$B$37<>1),"",$C$37) | AZ37: =IF(OR(32=42,$B$37<>1),"",$C$37) | BA37: =IF(OR(32=43,$B$37<>1),"",$C$37) | BB37: =IF(OR(32=44,$B$37<>1),"",$C$37) | BC37: =IF(OR(32=45,$B$37<>1),"",$C$37) | BD37: =IF(OR(32=46,$B$37<>1),"",$C$37) | BE37: =IF(OR(32=47,$B$37<>1),"",$C$37) | BF37: =IF(OR(32=48,$B$37<>1),"",$C$37) | BG37: =IF(OR(32=49,$B$37<>1),"",$C$37)
A38: =IF(Clients!A38="","",Clients!A38) | B38: =IF(A38="",0,IF(AND(Clients!K38=1,ISNUMBER(Clients!D38),ISNUMBER(INDEX(Clients!E38:J38,1,MATCH(Setup!$B$7,Clients!$E$4:$J$4,0)))),1,0)) | C38: =IF(B38=1,INDEX(Clients!E38:J38,1,MATCH(Setup!$B$7,Clients!$E$4:$J$4,0)),"") | D38: =IF(B38<>1,"",IF(COUNT(AQ5:AQ54)=0,"",MEDIAN(AQ5:AQ54))) | E38: =IF(B38=1,Clients!D38,"") | G38: =IF(AND(B38=1,ISNUMBER(F38)),F38-E38,"") | J38: =IF(OR(33=0,$B$38<>1),"",$C$38) | K38: =IF(OR(33=1,$B$38<>1),"",$C$38) | L38: =IF(OR(33=2,$B$38<>1),"",$C$38) | M38: =IF(OR(33=3,$B$38<>1),"",$C$38) | N38: =IF(OR(33=4,$B$38<>1),"",$C$38) | O38: =IF(OR(33=5,$B$38<>1),"",$C$38) | P38: =IF(OR(33=6,$B$38<>1),"",$C$38) | Q38: =IF(OR(33=7,$B$38<>1),"",$C$38) | R38: =IF(OR(33=8,$B$38<>1),"",$C$38) | S38: =IF(OR(33=9,$B$38<>1),"",$C$38) | T38: =IF(OR(33=10,$B$38<>1),"",$C$38) | U38: =IF(OR(33=11,$B$38<>1),"",$C$38) | V38: =IF(OR(33=12,$B$38<>1),"",$C$38) | W38: =IF(OR(33=13,$B$38<>1),"",$C$38) | X38: =IF(OR(33=14,$B$38<>1),"",$C$38) | Y38: =IF(OR(33=15,$B$38<>1),"",$C$38) | Z38: =IF(OR(33=16,$B$38<>1),"",$C$38) | AA38: =IF(OR(33=17,$B$38<>1),"",$C$38) | AB38: =IF(OR(33=18,$B$38<>1),"",$C$38) | AC38: =IF(OR(33=19,$B$38<>1),"",$C$38) | AD38: =IF(OR(33=20,$B$38<>1),"",$C$38) | AE38: =IF(OR(33=21,$B$38<>1),"",$C$38) | AF38: =IF(OR(33=22,$B$38<>1),"",$C$38) | AG38: =IF(OR(33=23,$B$38<>1),"",$C$38) | AH38: =IF(OR(33=24,$B$38<>1),"",$C$38) | AI38: =IF(OR(33=25,$B$38<>1),"",$C$38) | AJ38: =IF(OR(33=26,$B$38<>1),"",$C$38) | AK38: =IF(OR(33=27,$B$38<>1),"",$C$38) | AL38: =IF(OR(33=28,$B$38<>1),"",$C$38) | AM38: =IF(OR(33=29,$B$38<>1),"",$C$38) | AN38: =IF(OR(33=30,$B$38<>1),"",$C$38) | AO38: =IF(OR(33=31,$B$38<>1),"",$C$38) | AP38: =IF(OR(33=32,$B$38<>1),"",$C$38) | AQ38: =IF(OR(33=33,$B$38<>1),"",$C$38) | AR38: =IF(OR(33=34,$B$38<>1),"",$C$38) | AS38: =IF(OR(33=35,$B$38<>1),"",$C$38) | AT38: =IF(OR(33=36,$B$38<>1),"",$C$38) | AU38: =IF(OR(33=37,$B$38<>1),"",$C$38) | AV38: =IF(OR(33=38,$B$38<>1),"",$C$38) | AW38: =IF(OR(33=39,$B$38<>1),"",$C$38) | AX38: =IF(OR(33=40,$B$38<>1),"",$C$38) | AY38: =IF(OR(33=41,$B$38<>1),"",$C$38) | AZ38: =IF(OR(33=42,$B$38<>1),"",$C$38) | BA38: =IF(OR(33=43,$B$38<>1),"",$C$38) | BB38: =IF(OR(33=44,$B$38<>1),"",$C$38) | BC38: =IF(OR(33=45,$B$38<>1),"",$C$38) | BD38: =IF(OR(33=46,$B$38<>1),"",$C$38) | BE38: =IF(OR(33=47,$B$38<>1),"",$C$38) | BF38: =IF(OR(33=48,$B$38<>1),"",$C$38) | BG38: =IF(OR(33=49,$B$38<>1),"",$C$38)
A39: =IF(Clients!A39="","",Clients!A39) | B39: =IF(A39="",0,IF(AND(Clients!K39=1,ISNUMBER(Clients!D39),ISNUMBER(INDEX(Clients!E39:J39,1,MATCH(Setup!$B$7,Clients!$E$4:$J$4,0)))),1,0)) | C39: =IF(B39=1,INDEX(Clients!E39:J39,1,MATCH(Setup!$B$7,Clients!$E$4:$J$4,0)),"") | D39: =IF(B39<>1,"",IF(COUNT(AR5:AR54)=0,"",MEDIAN(AR5:AR54))) | E39: =IF(B39=1,Clients!D39,"") | G39: =IF(AND(B39=1,ISNUMBER(F39)),F39-E39,"") | J39: =IF(OR(34=0,$B$39<>1),"",$C$39) | K39: =IF(OR(34=1,$B$39<>1),"",$C$39) | L39: =IF(OR(34=2,$B$39<>1),"",$C$39) | M39: =IF(OR(34=3,$B$39<>1),"",$C$39) | N39: =IF(OR(34=4,$B$39<>1),"",$C$39) | O39: =IF(OR(34=5,$B$39<>1),"",$C$39) | P39: =IF(OR(34=6,$B$39<>1),"",$C$39) | Q39: =IF(OR(34=7,$B$39<>1),"",$C$39) | R39: =IF(OR(34=8,$B$39<>1),"",$C$39) | S39: =IF(OR(34=9,$B$39<>1),"",$C$39) | T39: =IF(OR(34=10,$B$39<>1),"",$C$39) | U39: =IF(OR(34=11,$B$39<>1),"",$C$39) | V39: =IF(OR(34=12,$B$39<>1),"",$C$39) | W39: =IF(OR(34=13,$B$39<>1),"",$C$39) | X39: =IF(OR(34=14,$B$39<>1),"",$C$39) | Y39: =IF(OR(34=15,$B$39<>1),"",$C$39) | Z39: =IF(OR(34=16,$B$39<>1),"",$C$39) | AA39: =IF(OR(34=17,$B$39<>1),"",$C$39) | AB39: =IF(OR(34=18,$B$39<>1),"",$C$39) | AC39: =IF(OR(34=19,$B$39<>1),"",$C$39) | AD39: =IF(OR(34=20,$B$39<>1),"",$C$39) | AE39: =IF(OR(34=21,$B$39<>1),"",$C$39) | AF39: =IF(OR(34=22,$B$39<>1),"",$C$39) | AG39: =IF(OR(34=23,$B$39<>1),"",$C$39) | AH39: =IF(OR(34=24,$B$39<>1),"",$C$39) | AI39: =IF(OR(34=25,$B$39<>1),"",$C$39) | AJ39: =IF(OR(34=26,$B$39<>1),"",$C$39) | AK39: =IF(OR(34=27,$B$39<>1),"",$C$39) | AL39: =IF(OR(34=28,$B$39<>1),"",$C$39) | AM39: =IF(OR(34=29,$B$39<>1),"",$C$39) | AN39: =IF(OR(34=30,$B$39<>1),"",$C$39) | AO39: =IF(OR(34=31,$B$39<>1),"",$C$39) | AP39: =IF(OR(34=32,$B$39<>1),"",$C$39) | AQ39: =IF(OR(34=33,$B$39<>1),"",$C$39) | AR39: =IF(OR(34=34,$B$39<>1),"",$C$39) | AS39: =IF(OR(34=35,$B$39<>1),"",$C$39) | AT39: =IF(OR(34=36,$B$39<>1),"",$C$39) | AU39: =IF(OR(34=37,$B$39<>1),"",$C$39) | AV39: =IF(OR(34=38,$B$39<>1),"",$C$39) | AW39: =IF(OR(34=39,$B$39<>1),"",$C$39) | AX39: =IF(OR(34=40,$B$39<>1),"",$C$39) | AY39: =IF(OR(34=41,$B$39<>1),"",$C$39) | AZ39: =IF(OR(34=42,$B$39<>1),"",$C$39) | BA39: =IF(OR(34=43,$B$39<>1),"",$C$39) | BB39: =IF(OR(34=44,$B$39<>1),"",$C$39) | BC39: =IF(OR(34=45,$B$39<>1),"",$C$39) | BD39: =IF(OR(34=46,$B$39<>1),"",$C$39) | BE39: =IF(OR(34=47,$B$39<>1),"",$C$39) | BF39: =IF(OR(34=48,$B$39<>1),"",$C$39) | BG39: =IF(OR(34=49,$B$39<>1),"",$C$39)
A40: =IF(Clients!A40="","",Clients!A40) | B40: =IF(A40="",0,IF(AND(Clients!K40=1,ISNUMBER(Clients!D40),ISNUMBER(INDEX(Clients!E40:J40,1,MATCH(Setup!$B$7,Clients!$E$4:$J$4,0)))),1,0)) | C40: =IF(B40=1,INDEX(Clients!E40:J40,1,MATCH(Setup!$B$7,Clients!$E$4:$J$4,0)),"") | D40: =IF(B40<>1,"",IF(COUNT(AS5:AS54)=0,"",MEDIAN(AS5:AS54))) | E40: =IF(B40=1,Clients!D40,"") | G40: =IF(AND(B40=1,ISNUMBER(F40)),F40-E40,"") | J40: =IF(OR(35=0,$B$40<>1),"",$C$40) | K40: =IF(OR(35=1,$B$40<>1),"",$C$40) | L40: =IF(OR(35=2,$B$40<>1),"",$C$40) | M40: =IF(OR(35=3,$B$40<>1),"",$C$40) | N40: =IF(OR(35=4,$B$40<>1),"",$C$40) | O40: =IF(OR(35=5,$B$40<>1),"",$C$40) | P40: =IF(OR(35=6,$B$40<>1),"",$C$40) | Q40: =IF(OR(35=7,$B$40<>1),"",$C$40) | R40: =IF(OR(35=8,$B$40<>1),"",$C$40) | S40: =IF(OR(35=9,$B$40<>1),"",$C$40) | T40: =IF(OR(35=10,$B$40<>1),"",$C$40) | U40: =IF(OR(35=11,$B$40<>1),"",$C$40) | V40: =IF(OR(35=12,$B$40<>1),"",$C$40) | W40: =IF(OR(35=13,$B$40<>1),"",$C$40) | X40: =IF(OR(35=14,$B$40<>1),"",$C$40) | Y40: =IF(OR(35=15,$B$40<>1),"",$C$40) | Z40: =IF(OR(35=16,$B$40<>1),"",$C$40) | AA40: =IF(OR(35=17,$B$40<>1),"",$C$40) | AB40: =IF(OR(35=18,$B$40<>1),"",$C$40) | AC40: =IF(OR(35=19,$B$40<>1),"",$C$40) | AD40: =IF(OR(35=20,$B$40<>1),"",$C$40) | AE40: =IF(OR(35=21,$B$40<>1),"",$C$40) | AF40: =IF(OR(35=22,$B$40<>1),"",$C$40) | AG40: =IF(OR(35=23,$B$40<>1),"",$C$40) | AH40: =IF(OR(35=24,$B$40<>1),"",$C$40) | AI40: =IF(OR(35=25,$B$40<>1),"",$C$40) | AJ40: =IF(OR(35=26,$B$40<>1),"",$C$40) | AK40: =IF(OR(35=27,$B$40<>1),"",$C$40) | AL40: =IF(OR(35=28,$B$40<>1),"",$C$40) | AM40: =IF(OR(35=29,$B$40<>1),"",$C$40) | AN40: =IF(OR(35=30,$B$40<>1),"",$C$40) | AO40: =IF(OR(35=31,$B$40<>1),"",$C$40) | AP40: =IF(OR(35=32,$B$40<>1),"",$C$40) | AQ40: =IF(OR(35=33,$B$40<>1),"",$C$40) | AR40: =IF(OR(35=34,$B$40<>1),"",$C$40) | AS40: =IF(OR(35=35,$B$40<>1),"",$C$40) | AT40: =IF(OR(35=36,$B$40<>1),"",$C$40) | AU40: =IF(OR(35=37,$B$40<>1),"",$C$40) | AV40: =IF(OR(35=38,$B$40<>1),"",$C$40) | AW40: =IF(OR(35=39,$B$40<>1),"",$C$40) | AX40: =IF(OR(35=40,$B$40<>1),"",$C$40) | AY40: =IF(OR(35=41,$B$40<>1),"",$C$40) | AZ40: =IF(OR(35=42,$B$40<>1),"",$C$40) | BA40: =IF(OR(35=43,$B$40<>1),"",$C$40) | BB40: =IF(OR(35=44,$B$40<>1),"",$C$40) | BC40: =IF(OR(35=45,$B$40<>1),"",$C$40) | BD40: =IF(OR(35=46,$B$40<>1),"",$C$40) | BE40: =IF(OR(35=47,$B$40<>1),"",$C$40) | BF40: =IF(OR(35=48,$B$40<>1),"",$C$40) | BG40: =IF(OR(35=49,$B$40<>1),"",$C$40)
A41: =IF(Clients!A41="","",Clients!A41) | B41: =IF(A41="",0,IF(AND(Clients!K41=1,ISNUMBER(Clients!D41),ISNUMBER(INDEX(Clients!E41:J41,1,MATCH(Setup!$B$7,Clients!$E$4:$J$4,0)))),1,0)) | C41: =IF(B41=1,INDEX(Clients!E41:J41,1,MATCH(Setup!$B$7,Clients!$E$4:$J$4,0)),"") | D41: =IF(B41<>1,"",IF(COUNT(AT5:AT54)=0,"",MEDIAN(AT5:AT54))) | E41: =IF(B41=1,Clients!D41,"") | G41: =IF(AND(B41=1,ISNUMBER(F41)),F41-E41,"") | J41: =IF(OR(36=0,$B$41<>1),"",$C$41) | K41: =IF(OR(36=1,$B$41<>1),"",$C$41) | L41: =IF(OR(36=2,$B$41<>1),"",$C$41) | M41: =IF(OR(36=3,$B$41<>1),"",$C$41) | N41: =IF(OR(36=4,$B$41<>1),"",$C$41) | O41: =IF(OR(36=5,$B$41<>1),"",$C$41) | P41: =IF(OR(36=6,$B$41<>1),"",$C$41) | Q41: =IF(OR(36=7,$B$41<>1),"",$C$41) | R41: =IF(OR(36=8,$B$41<>1),"",$C$41) | S41: =IF(OR(36=9,$B$41<>1),"",$C$41) | T41: =IF(OR(36=10,$B$41<>1),"",$C$41) | U41: =IF(OR(36=11,$B$41<>1),"",$C$41) | V41: =IF(OR(36=12,$B$41<>1),"",$C$41) | W41: =IF(OR(36=13,$B$41<>1),"",$C$41) | X41: =IF(OR(36=14,$B$41<>1),"",$C$41) | Y41: =IF(OR(36=15,$B$41<>1),"",$C$41) | Z41: =IF(OR(36=16,$B$41<>1),"",$C$41) | AA41: =IF(OR(36=17,$B$41<>1),"",$C$41) | AB41: =IF(OR(36=18,$B$41<>1),"",$C$41) | AC41: =IF(OR(36=19,$B$41<>1),"",$C$41) | AD41: =IF(OR(36=20,$B$41<>1),"",$C$41) | AE41: =IF(OR(36=21,$B$41<>1),"",$C$41) | AF41: =IF(OR(36=22,$B$41<>1),"",$C$41) | AG41: =IF(OR(36=23,$B$41<>1),"",$C$41) | AH41: =IF(OR(36=24,$B$41<>1),"",$C$41) | AI41: =IF(OR(36=25,$B$41<>1),"",$C$41) | AJ41: =IF(OR(36=26,$B$41<>1),"",$C$41) | AK41: =IF(OR(36=27,$B$41<>1),"",$C$41) | AL41: =IF(OR(36=28,$B$41<>1),"",$C$41) | AM41: =IF(OR(36=29,$B$41<>1),"",$C$41) | AN41: =IF(OR(36=30,$B$41<>1),"",$C$41) | AO41: =IF(OR(36=31,$B$41<>1),"",$C$41) | AP41: =IF(OR(36=32,$B$41<>1),"",$C$41) | AQ41: =IF(OR(36=33,$B$41<>1),"",$C$41) | AR41: =IF(OR(36=34,$B$41<>1),"",$C$41) | AS41: =IF(OR(36=35,$B$41<>1),"",$C$41) | AT41: =IF(OR(36=36,$B$41<>1),"",$C$41) | AU41: =IF(OR(36=37,$B$41<>1),"",$C$41) | AV41: =IF(OR(36=38,$B$41<>1),"",$C$41) | AW41: =IF(OR(36=39,$B$41<>1),"",$C$41) | AX41: =IF(OR(36=40,$B$41<>1),"",$C$41) | AY41: =IF(OR(36=41,$B$41<>1),"",$C$41) | AZ41: =IF(OR(36=42,$B$41<>1),"",$C$41) | BA41: =IF(OR(36=43,$B$41<>1),"",$C$41) | BB41: =IF(OR(36=44,$B$41<>1),"",$C$41) | BC41: =IF(OR(36=45,$B$41<>1),"",$C$41) | BD41: =IF(OR(36=46,$B$41<>1),"",$C$41) | BE41: =IF(OR(36=47,$B$41<>1),"",$C$41) | BF41: =IF(OR(36=48,$B$41<>1),"",$C$41) | BG41: =IF(OR(36=49,$B$41<>1),"",$C$41)
A42: =IF(Clients!A42="","",Clients!A42) | B42: =IF(A42="",0,IF(AND(Clients!K42=1,ISNUMBER(Clients!D42),ISNUMBER(INDEX(Clients!E42:J42,1,MATCH(Setup!$B$7,Clients!$E$4:$J$4,0)))),1,0)) | C42: =IF(B42=1,INDEX(Clients!E42:J42,1,MATCH(Setup!$B$7,Clients!$E$4:$J$4,0)),"") | D42: =IF(B42<>1,"",IF(COUNT(AU5:AU54)=0,"",MEDIAN(AU5:AU54))) | E42: =IF(B42=1,Clients!D42,"") | G42: =IF(AND(B42=1,ISNUMBER(F42)),F42-E42,"") | J42: =IF(OR(37=0,$B$42<>1),"",$C$42) | K42: =IF(OR(37=1,$B$42<>1),"",$C$42) | L42: =IF(OR(37=2,$B$42<>1),"",$C$42) | M42: =IF(OR(37=3,$B$42<>1),"",$C$42) | N42: =IF(OR(37=4,$B$42<>1),"",$C$42) | O42: =IF(OR(37=5,$B$42<>1),"",$C$42) | P42: =IF(OR(37=6,$B$42<>1),"",$C$42) | Q42: =IF(OR(37=7,$B$42<>1),"",$C$42) | R42: =IF(OR(37=8,$B$42<>1),"",$C$42) | S42: =IF(OR(37=9,$B$42<>1),"",$C$42) | T42: =IF(OR(37=10,$B$42<>1),"",$C$42) | U42: =IF(OR(37=11,$B$42<>1),"",$C$42) | V42: =IF(OR(37=12,$B$42<>1),"",$C$42) | W42: =IF(OR(37=13,$B$42<>1),"",$C$42) | X42: =IF(OR(37=14,$B$42<>1),"",$C$42) | Y42: =IF(OR(37=15,$B$42<>1),"",$C$42) | Z42: =IF(OR(37=16,$B$42<>1),"",$C$42) | AA42: =IF(OR(37=17,$B$42<>1),"",$C$42) | AB42: =IF(OR(37=18,$B$42<>1),"",$C$42) | AC42: =IF(OR(37=19,$B$42<>1),"",$C$42) | AD42: =IF(OR(37=20,$B$42<>1),"",$C$42) | AE42: =IF(OR(37=21,$B$42<>1),"",$C$42) | AF42: =IF(OR(37=22,$B$42<>1),"",$C$42) | AG42: =IF(OR(37=23,$B$42<>1),"",$C$42) | AH42: =IF(OR(37=24,$B$42<>1),"",$C$42) | AI42: =IF(OR(37=25,$B$42<>1),"",$C$42) | AJ42: =IF(OR(37=26,$B$42<>1),"",$C$42) | AK42: =IF(OR(37=27,$B$42<>1),"",$C$42) | AL42: =IF(OR(37=28,$B$42<>1),"",$C$42) | AM42: =IF(OR(37=29,$B$42<>1),"",$C$42) | AN42: =IF(OR(37=30,$B$42<>1),"",$C$42) | AO42: =IF(OR(37=31,$B$42<>1),"",$C$42) | AP42: =IF(OR(37=32,$B$42<>1),"",$C$42) | AQ42: =IF(OR(37=33,$B$42<>1),"",$C$42) | AR42: =IF(OR(37=34,$B$42<>1),"",$C$42) | AS42: =IF(OR(37=35,$B$42<>1),"",$C$42) | AT42: =IF(OR(37=36,$B$42<>1),"",$C$42) | AU42: =IF(OR(37=37,$B$42<>1),"",$C$42) | AV42: =IF(OR(37=38,$B$42<>1),"",$C$42) | AW42: =IF(OR(37=39,$B$42<>1),"",$C$42) | AX42: =IF(OR(37=40,$B$42<>1),"",$C$42) | AY42: =IF(OR(37=41,$B$42<>1),"",$C$42) | AZ42: =IF(OR(37=42,$B$42<>1),"",$C$42) | BA42: =IF(OR(37=43,$B$42<>1),"",$C$42) | BB42: =IF(OR(37=44,$B$42<>1),"",$C$42) | BC42: =IF(OR(37=45,$B$42<>1),"",$C$42) | BD42: =IF(OR(37=46,$B$42<>1),"",$C$42) | BE42: =IF(OR(37=47,$B$42<>1),"",$C$42) | BF42: =IF(OR(37=48,$B$42<>1),"",$C$42) | BG42: =IF(OR(37=49,$B$42<>1),"",$C$42)
A43: =IF(Clients!A43="","",Clients!A43) | B43: =IF(A43="",0,IF(AND(Clients!K43=1,ISNUMBER(Clients!D43),ISNUMBER(INDEX(Clients!E43:J43,1,MATCH(Setup!$B$7,Clients!$E$4:$J$4,0)))),1,0)) | C43: =IF(B43=1,INDEX(Clients!E43:J43,1,MATCH(Setup!$B$7,Clients!$E$4:$J$4,0)),"") | D43: =IF(B43<>1,"",IF(COUNT(AV5:AV54)=0,"",MEDIAN(AV5:AV54))) | E43: =IF(B43=1,Clients!D43,"") | G43: =IF(AND(B43=1,ISNUMBER(F43)),F43-E43,"") | J43: =IF(OR(38=0,$B$43<>1),"",$C$43) | K43: =IF(OR(38=1,$B$43<>1),"",$C$43) | L43: =IF(OR(38=2,$B$43<>1),"",$C$43) | M43: =IF(OR(38=3,$B$43<>1),"",$C$43) | N43: =IF(OR(38=4,$B$43<>1),"",$C$43) | O43: =IF(OR(38=5,$B$43<>1),"",$C$43) | P43: =IF(OR(38=6,$B$43<>1),"",$C$43) | Q43: =IF(OR(38=7,$B$43<>1),"",$C$43) | R43: =IF(OR(38=8,$B$43<>1),"",$C$43) | S43: =IF(OR(38=9,$B$43<>1),"",$C$43) | T43: =IF(OR(38=10,$B$43<>1),"",$C$43) | U43: =IF(OR(38=11,$B$43<>1),"",$C$43) | V43: =IF(OR(38=12,$B$43<>1),"",$C$43) | W43: =IF(OR(38=13,$B$43<>1),"",$C$43) | X43: =IF(OR(38=14,$B$43<>1),"",$C$43) | Y43: =IF(OR(38=15,$B$43<>1),"",$C$43) | Z43: =IF(OR(38=16,$B$43<>1),"",$C$43) | AA43: =IF(OR(38=17,$B$43<>1),"",$C$43) | AB43: =IF(OR(38=18,$B$43<>1),"",$C$43) | AC43: =IF(OR(38=19,$B$43<>1),"",$C$43) | AD43: =IF(OR(38=20,$B$43<>1),"",$C$43) | AE43: =IF(OR(38=21,$B$43<>1),"",$C$43) | AF43: =IF(OR(38=22,$B$43<>1),"",$C$43) | AG43: =IF(OR(38=23,$B$43<>1),"",$C$43) | AH43: =IF(OR(38=24,$B$43<>1),"",$C$43) | AI43: =IF(OR(38=25,$B$43<>1),"",$C$43) | AJ43: =IF(OR(38=26,$B$43<>1),"",$C$43) | AK43: =IF(OR(38=27,$B$43<>1),"",$C$43) | AL43: =IF(OR(38=28,$B$43<>1),"",$C$43) | AM43: =IF(OR(38=29,$B$43<>1),"",$C$43) | AN43: =IF(OR(38=30,$B$43<>1),"",$C$43) | AO43: =IF(OR(38=31,$B$43<>1),"",$C$43) | AP43: =IF(OR(38=32,$B$43<>1),"",$C$43) | AQ43: =IF(OR(38=33,$B$43<>1),"",$C$43) | AR43: =IF(OR(38=34,$B$43<>1),"",$C$43) | AS43: =IF(OR(38=35,$B$43<>1),"",$C$43) | AT43: =IF(OR(38=36,$B$43<>1),"",$C$43) | AU43: =IF(OR(38=37,$B$43<>1),"",$C$43) | AV43: =IF(OR(38=38,$B$43<>1),"",$C$43) | AW43: =IF(OR(38=39,$B$43<>1),"",$C$43) | AX43: =IF(OR(38=40,$B$43<>1),"",$C$43) | AY43: =IF(OR(38=41,$B$43<>1),"",$C$43) | AZ43: =IF(OR(38=42,$B$43<>1),"",$C$43) | BA43: =IF(OR(38=43,$B$43<>1),"",$C$43) | BB43: =IF(OR(38=44,$B$43<>1),"",$C$43) | BC43: =IF(OR(38=45,$B$43<>1),"",$C$43) | BD43: =IF(OR(38=46,$B$43<>1),"",$C$43) | BE43: =IF(OR(38=47,$B$43<>1),"",$C$43) | BF43: =IF(OR(38=48,$B$43<>1),"",$C$43) | BG43: =IF(OR(38=49,$B$43<>1),"",$C$43)
A44: =IF(Clients!A44="","",Clients!A44) | B44: =IF(A44="",0,IF(AND(Clients!K44=1,ISNUMBER(Clients!D44),ISNUMBER(INDEX(Clients!E44:J44,1,MATCH(Setup!$B$7,Clients!$E$4:$J$4,0)))),1,0)) | C44: =IF(B44=1,INDEX(Clients!E44:J44,1,MATCH(Setup!$B$7,Clients!$E$4:$J$4,0)),"") | D44: =IF(B44<>1,"",IF(COUNT(AW5:AW54)=0,"",MEDIAN(AW5:AW54))) | E44: =IF(B44=1,Clients!D44,"") | G44: =IF(AND(B44=1,ISNUMBER(F44)),F44-E44,"") | J44: =IF(OR(39=0,$B$44<>1),"",$C$44) | K44: =IF(OR(39=1,$B$44<>1),"",$C$44) | L44: =IF(OR(39=2,$B$44<>1),"",$C$44) | M44: =IF(OR(39=3,$B$44<>1),"",$C$44) | N44: =IF(OR(39=4,$B$44<>1),"",$C$44) | O44: =IF(OR(39=5,$B$44<>1),"",$C$44) | P44: =IF(OR(39=6,$B$44<>1),"",$C$44) | Q44: =IF(OR(39=7,$B$44<>1),"",$C$44) | R44: =IF(OR(39=8,$B$44<>1),"",$C$44) | S44: =IF(OR(39=9,$B$44<>1),"",$C$44) | T44: =IF(OR(39=10,$B$44<>1),"",$C$44) | U44: =IF(OR(39=11,$B$44<>1),"",$C$44) | V44: =IF(OR(39=12,$B$44<>1),"",$C$44) | W44: =IF(OR(39=13,$B$44<>1),"",$C$44) | X44: =IF(OR(39=14,$B$44<>1),"",$C$44) | Y44: =IF(OR(39=15,$B$44<>1),"",$C$44) | Z44: =IF(OR(39=16,$B$44<>1),"",$C$44) | AA44: =IF(OR(39=17,$B$44<>1),"",$C$44) | AB44: =IF(OR(39=18,$B$44<>1),"",$C$44) | AC44: =IF(OR(39=19,$B$44<>1),"",$C$44) | AD44: =IF(OR(39=20,$B$44<>1),"",$C$44) | AE44: =IF(OR(39=21,$B$44<>1),"",$C$44) | AF44: =IF(OR(39=22,$B$44<>1),"",$C$44) | AG44: =IF(OR(39=23,$B$44<>1),"",$C$44) | AH44: =IF(OR(39=24,$B$44<>1),"",$C$44) | AI44: =IF(OR(39=25,$B$44<>1),"",$C$44) | AJ44: =IF(OR(39=26,$B$44<>1),"",$C$44) | AK44: =IF(OR(39=27,$B$44<>1),"",$C$44) | AL44: =IF(OR(39=28,$B$44<>1),"",$C$44) | AM44: =IF(OR(39=29,$B$44<>1),"",$C$44) | AN44: =IF(OR(39=30,$B$44<>1),"",$C$44) | AO44: =IF(OR(39=31,$B$44<>1),"",$C$44) | AP44: =IF(OR(39=32,$B$44<>1),"",$C$44) | AQ44: =IF(OR(39=33,$B$44<>1),"",$C$44) | AR44: =IF(OR(39=34,$B$44<>1),"",$C$44) | AS44: =IF(OR(39=35,$B$44<>1),"",$C$44) | AT44: =IF(OR(39=36,$B$44<>1),"",$C$44) | AU44: =IF(OR(39=37,$B$44<>1),"",$C$44) | AV44: =IF(OR(39=38,$B$44<>1),"",$C$44) | AW44: =IF(OR(39=39,$B$44<>1),"",$C$44) | AX44: =IF(OR(39=40,$B$44<>1),"",$C$44) | AY44: =IF(OR(39=41,$B$44<>1),"",$C$44) | AZ44: =IF(OR(39=42,$B$44<>1),"",$C$44) | BA44: =IF(OR(39=43,$B$44<>1),"",$C$44) | BB44: =IF(OR(39=44,$B$44<>1),"",$C$44) | BC44: =IF(OR(39=45,$B$44<>1),"",$C$44) | BD44: =IF(OR(39=46,$B$44<>1),"",$C$44) | BE44: =IF(OR(39=47,$B$44<>1),"",$C$44) | BF44: =IF(OR(39=48,$B$44<>1),"",$C$44) | BG44: =IF(OR(39=49,$B$44<>1),"",$C$44)
A45: =IF(Clients!A45="","",Clients!A45) | B45: =IF(A45="",0,IF(AND(Clients!K45=1,ISNUMBER(Clients!D45),ISNUMBER(INDEX(Clients!E45:J45,1,MATCH(Setup!$B$7,Clients!$E$4:$J$4,0)))),1,0)) | C45: =IF(B45=1,INDEX(Clients!E45:J45,1,MATCH(Setup!$B$7,Clients!$E$4:$J$4,0)),"") | D45: =IF(B45<>1,"",IF(COUNT(AX5:AX54)=0,"",MEDIAN(AX5:AX54))) | E45: =IF(B45=1,Clients!D45,"") | G45: =IF(AND(B45=1,ISNUMBER(F45)),F45-E45,"") | J45: =IF(OR(40=0,$B$45<>1),"",$C$45) | K45: =IF(OR(40=1,$B$45<>1),"",$C$45) | L45: =IF(OR(40=2,$B$45<>1),"",$C$45) | M45: =IF(OR(40=3,$B$45<>1),"",$C$45) | N45: =IF(OR(40=4,$B$45<>1),"",$C$45) | O45: =IF(OR(40=5,$B$45<>1),"",$C$45) | P45: =IF(OR(40=6,$B$45<>1),"",$C$45) | Q45: =IF(OR(40=7,$B$45<>1),"",$C$45) | R45: =IF(OR(40=8,$B$45<>1),"",$C$45) | S45: =IF(OR(40=9,$B$45<>1),"",$C$45) | T45: =IF(OR(40=10,$B$45<>1),"",$C$45) | U45: =IF(OR(40=11,$B$45<>1),"",$C$45) | V45: =IF(OR(40=12,$B$45<>1),"",$C$45) | W45: =IF(OR(40=13,$B$45<>1),"",$C$45) | X45: =IF(OR(40=14,$B$45<>1),"",$C$45) | Y45: =IF(OR(40=15,$B$45<>1),"",$C$45) | Z45: =IF(OR(40=16,$B$45<>1),"",$C$45) | AA45: =IF(OR(40=17,$B$45<>1),"",$C$45) | AB45: =IF(OR(40=18,$B$45<>1),"",$C$45) | AC45: =IF(OR(40=19,$B$45<>1),"",$C$45) | AD45: =IF(OR(40=20,$B$45<>1),"",$C$45) | AE45: =IF(OR(40=21,$B$45<>1),"",$C$45) | AF45: =IF(OR(40=22,$B$45<>1),"",$C$45) | AG45: =IF(OR(40=23,$B$45<>1),"",$C$45) | AH45: =IF(OR(40=24,$B$45<>1),"",$C$45) | AI45: =IF(OR(40=25,$B$45<>1),"",$C$45) | AJ45: =IF(OR(40=26,$B$45<>1),"",$C$45) | AK45: =IF(OR(40=27,$B$45<>1),"",$C$45) | AL45: =IF(OR(40=28,$B$45<>1),"",$C$45) | AM45: =IF(OR(40=29,$B$45<>1),"",$C$45) | AN45: =IF(OR(40=30,$B$45<>1),"",$C$45) | AO45: =IF(OR(40=31,$B$45<>1),"",$C$45) | AP45: =IF(OR(40=32,$B$45<>1),"",$C$45) | AQ45: =IF(OR(40=33,$B$45<>1),"",$C$45) | AR45: =IF(OR(40=34,$B$45<>1),"",$C$45) | AS45: =IF(OR(40=35,$B$45<>1),"",$C$45) | AT45: =IF(OR(40=36,$B$45<>1),"",$C$45) | AU45: =IF(OR(40=37,$B$45<>1),"",$C$45) | AV45: =IF(OR(40=38,$B$45<>1),"",$C$45) | AW45: =IF(OR(40=39,$B$45<>1),"",$C$45) | AX45: =IF(OR(40=40,$B$45<>1),"",$C$45) | AY45: =IF(OR(40=41,$B$45<>1),"",$C$45) | AZ45: =IF(OR(40=42,$B$45<>1),"",$C$45) | BA45: =IF(OR(40=43,$B$45<>1),"",$C$45) | BB45: =IF(OR(40=44,$B$45<>1),"",$C$45) | BC45: =IF(OR(40=45,$B$45<>1),"",$C$45) | BD45: =IF(OR(40=46,$B$45<>1),"",$C$45) | BE45: =IF(OR(40=47,$B$45<>1),"",$C$45) | BF45: =IF(OR(40=48,$B$45<>1),"",$C$45) | BG45: =IF(OR(40=49,$B$45<>1),"",$C$45)
A46: =IF(Clients!A46="","",Clients!A46) | B46: =IF(A46="",0,IF(AND(Clients!K46=1,ISNUMBER(Clients!D46),ISNUMBER(INDEX(Clients!E46:J46,1,MATCH(Setup!$B$7,Clients!$E$4:$J$4,0)))),1,0)) | C46: =IF(B46=1,INDEX(Clients!E46:J46,1,MATCH(Setup!$B$7,Clients!$E$4:$J$4,0)),"") | D46: =IF(B46<>1,"",IF(COUNT(AY5:AY54)=0,"",MEDIAN(AY5:AY54))) | E46: =IF(B46=1,Clients!D46,"") | G46: =IF(AND(B46=1,ISNUMBER(F46)),F46-E46,"") | J46: =IF(OR(41=0,$B$46<>1),"",$C$46) | K46: =IF(OR(41=1,$B$46<>1),"",$C$46) | L46: =IF(OR(41=2,$B$46<>1),"",$C$46) | M46: =IF(OR(41=3,$B$46<>1),"",$C$46) | N46: =IF(OR(41=4,$B$46<>1),"",$C$46) | O46: =IF(OR(41=5,$B$46<>1),"",$C$46) | P46: =IF(OR(41=6,$B$46<>1),"",$C$46) | Q46: =IF(OR(41=7,$B$46<>1),"",$C$46) | R46: =IF(OR(41=8,$B$46<>1),"",$C$46) | S46: =IF(OR(41=9,$B$46<>1),"",$C$46) | T46: =IF(OR(41=10,$B$46<>1),"",$C$46) | U46: =IF(OR(41=11,$B$46<>1),"",$C$46) | V46: =IF(OR(41=12,$B$46<>1),"",$C$46) | W46: =IF(OR(41=13,$B$46<>1),"",$C$46) | X46: =IF(OR(41=14,$B$46<>1),"",$C$46) | Y46: =IF(OR(41=15,$B$46<>1),"",$C$46) | Z46: =IF(OR(41=16,$B$46<>1),"",$C$46) | AA46: =IF(OR(41=17,$B$46<>1),"",$C$46) | AB46: =IF(OR(41=18,$B$46<>1),"",$C$46) | AC46: =IF(OR(41=19,$B$46<>1),"",$C$46) | AD46: =IF(OR(41=20,$B$46<>1),"",$C$46) | AE46: =IF(OR(41=21,$B$46<>1),"",$C$46) | AF46: =IF(OR(41=22,$B$46<>1),"",$C$46) | AG46: =IF(OR(41=23,$B$46<>1),"",$C$46) | AH46: =IF(OR(41=24,$B$46<>1),"",$C$46) | AI46: =IF(OR(41=25,$B$46<>1),"",$C$46) | AJ46: =IF(OR(41=26,$B$46<>1),"",$C$46) | AK46: =IF(OR(41=27,$B$46<>1),"",$C$46) | AL46: =IF(OR(41=28,$B$46<>1),"",$C$46) | AM46: =IF(OR(41=29,$B$46<>1),"",$C$46) | AN46: =IF(OR(41=30,$B$46<>1),"",$C$46) | AO46: =IF(OR(41=31,$B$46<>1),"",$C$46) | AP46: =IF(OR(41=32,$B$46<>1),"",$C$46) | AQ46: =IF(OR(41=33,$B$46<>1),"",$C$46) | AR46: =IF(OR(41=34,$B$46<>1),"",$C$46) | AS46: =IF(OR(41=35,$B$46<>1),"",$C$46) | AT46: =IF(OR(41=36,$B$46<>1),"",$C$46) | AU46: =IF(OR(41=37,$B$46<>1),"",$C$46) | AV46: =IF(OR(41=38,$B$46<>1),"",$C$46) | AW46: =IF(OR(41=39,$B$46<>1),"",$C$46) | AX46: =IF(OR(41=40,$B$46<>1),"",$C$46) | AY46: =IF(OR(41=41,$B$46<>1),"",$C$46) | AZ46: =IF(OR(41=42,$B$46<>1),"",$C$46) | BA46: =IF(OR(41=43,$B$46<>1),"",$C$46) | BB46: =IF(OR(41=44,$B$46<>1),"",$C$46) | BC46: =IF(OR(41=45,$B$46<>1),"",$C$46) | BD46: =IF(OR(41=46,$B$46<>1),"",$C$46) | BE46: =IF(OR(41=47,$B$46<>1),"",$C$46) | BF46: =IF(OR(41=48,$B$46<>1),"",$C$46) | BG46: =IF(OR(41=49,$B$46<>1),"",$C$46)
A47: =IF(Clients!A47="","",Clients!A47) | B47: =IF(A47="",0,IF(AND(Clients!K47=1,ISNUMBER(Clients!D47),ISNUMBER(INDEX(Clients!E47:J47,1,MATCH(Setup!$B$7,Clients!$E$4:$J$4,0)))),1,0)) | C47: =IF(B47=1,INDEX(Clients!E47:J47,1,MATCH(Setup!$B$7,Clients!$E$4:$J$4,0)),"") | D47: =IF(B47<>1,"",IF(COUNT(AZ5:AZ54)=0,"",MEDIAN(AZ5:AZ54))) | E47: =IF(B47=1,Clients!D47,"") | G47: =IF(AND(B47=1,ISNUMBER(F47)),F47-E47,"") | J47: =IF(OR(42=0,$B$47<>1),"",$C$47) | K47: =IF(OR(42=1,$B$47<>1),"",$C$47) | L47: =IF(OR(42=2,$B$47<>1),"",$C$47) | M47: =IF(OR(42=3,$B$47<>1),"",$C$47) | N47: =IF(OR(42=4,$B$47<>1),"",$C$47) | O47: =IF(OR(42=5,$B$47<>1),"",$C$47) | P47: =IF(OR(42=6,$B$47<>1),"",$C$47) | Q47: =IF(OR(42=7,$B$47<>1),"",$C$47) | R47: =IF(OR(42=8,$B$47<>1),"",$C$47) | S47: =IF(OR(42=9,$B$47<>1),"",$C$47) | T47: =IF(OR(42=10,$B$47<>1),"",$C$47) | U47: =IF(OR(42=11,$B$47<>1),"",$C$47) | V47: =IF(OR(42=12,$B$47<>1),"",$C$47) | W47: =IF(OR(42=13,$B$47<>1),"",$C$47) | X47: =IF(OR(42=14,$B$47<>1),"",$C$47) | Y47: =IF(OR(42=15,$B$47<>1),"",$C$47) | Z47: =IF(OR(42=16,$B$47<>1),"",$C$47) | AA47: =IF(OR(42=17,$B$47<>1),"",$C$47) | AB47: =IF(OR(42=18,$B$47<>1),"",$C$47) | AC47: =IF(OR(42=19,$B$47<>1),"",$C$47) | AD47: =IF(OR(42=20,$B$47<>1),"",$C$47) | AE47: =IF(OR(42=21,$B$47<>1),"",$C$47) | AF47: =IF(OR(42=22,$B$47<>1),"",$C$47) | AG47: =IF(OR(42=23,$B$47<>1),"",$C$47) | AH47: =IF(OR(42=24,$B$47<>1),"",$C$47) | AI47: =IF(OR(42=25,$B$47<>1),"",$C$47) | AJ47: =IF(OR(42=26,$B$47<>1),"",$C$47) | AK47: =IF(OR(42=27,$B$47<>1),"",$C$47) | AL47: =IF(OR(42=28,$B$47<>1),"",$C$47) | AM47: =IF(OR(42=29,$B$47<>1),"",$C$47) | AN47: =IF(OR(42=30,$B$47<>1),"",$C$47) | AO47: =IF(OR(42=31,$B$47<>1),"",$C$47) | AP47: =IF(OR(42=32,$B$47<>1),"",$C$47) | AQ47: =IF(OR(42=33,$B$47<>1),"",$C$47) | AR47: =IF(OR(42=34,$B$47<>1),"",$C$47) | AS47: =IF(OR(42=35,$B$47<>1),"",$C$47) | AT47: =IF(OR(42=36,$B$47<>1),"",$C$47) | AU47: =IF(OR(42=37,$B$47<>1),"",$C$47) | AV47: =IF(OR(42=38,$B$47<>1),"",$C$47) | AW47: =IF(OR(42=39,$B$47<>1),"",$C$47) | AX47: =IF(OR(42=40,$B$47<>1),"",$C$47) | AY47: =IF(OR(42=41,$B$47<>1),"",$C$47) | AZ47: =IF(OR(42=42,$B$47<>1),"",$C$47) | BA47: =IF(OR(42=43,$B$47<>1),"",$C$47) | BB47: =IF(OR(42=44,$B$47<>1),"",$C$47) | BC47: =IF(OR(42=45,$B$47<>1),"",$C$47) | BD47: =IF(OR(42=46,$B$47<>1),"",$C$47) | BE47: =IF(OR(42=47,$B$47<>1),"",$C$47) | BF47: =IF(OR(42=48,$B$47<>1),"",$C$47) | BG47: =IF(OR(42=49,$B$47<>1),"",$C$47)
A48: =IF(Clients!A48="","",Clients!A48) | B48: =IF(A48="",0,IF(AND(Clients!K48=1,ISNUMBER(Clients!D48),ISNUMBER(INDEX(Clients!E48:J48,1,MATCH(Setup!$B$7,Clients!$E$4:$J$4,0)))),1,0)) | C48: =IF(B48=1,INDEX(Clients!E48:J48,1,MATCH(Setup!$B$7,Clients!$E$4:$J$4,0)),"") | D48: =IF(B48<>1,"",IF(COUNT(BA5:BA54)=0,"",MEDIAN(BA5:BA54))) | E48: =IF(B48=1,Clients!D48,"") | G48: =IF(AND(B48=1,ISNUMBER(F48)),F48-E48,"") | J48: =IF(OR(43=0,$B$48<>1),"",$C$48) | K48: =IF(OR(43=1,$B$48<>1),"",$C$48) | L48: =IF(OR(43=2,$B$48<>1),"",$C$48) | M48: =IF(OR(43=3,$B$48<>1),"",$C$48) | N48: =IF(OR(43=4,$B$48<>1),"",$C$48) | O48: =IF(OR(43=5,$B$48<>1),"",$C$48) | P48: =IF(OR(43=6,$B$48<>1),"",$C$48) | Q48: =IF(OR(43=7,$B$48<>1),"",$C$48) | R48: =IF(OR(43=8,$B$48<>1),"",$C$48) | S48: =IF(OR(43=9,$B$48<>1),"",$C$48) | T48: =IF(OR(43=10,$B$48<>1),"",$C$48) | U48: =IF(OR(43=11,$B$48<>1),"",$C$48) | V48: =IF(OR(43=12,$B$48<>1),"",$C$48) | W48: =IF(OR(43=13,$B$48<>1),"",$C$48) | X48: =IF(OR(43=14,$B$48<>1),"",$C$48) | Y48: =IF(OR(43=15,$B$48<>1),"",$C$48) | Z48: =IF(OR(43=16,$B$48<>1),"",$C$48) | AA48: =IF(OR(43=17,$B$48<>1),"",$C$48) | AB48: =IF(OR(43=18,$B$48<>1),"",$C$48) | AC48: =IF(OR(43=19,$B$48<>1),"",$C$48) | AD48: =IF(OR(43=20,$B$48<>1),"",$C$48) | AE48: =IF(OR(43=21,$B$48<>1),"",$C$48) | AF48: =IF(OR(43=22,$B$48<>1),"",$C$48) | AG48: =IF(OR(43=23,$B$48<>1),"",$C$48) | AH48: =IF(OR(43=24,$B$48<>1),"",$C$48) | AI48: =IF(OR(43=25,$B$48<>1),"",$C$48) | AJ48: =IF(OR(43=26,$B$48<>1),"",$C$48) | AK48: =IF(OR(43=27,$B$48<>1),"",$C$48) | AL48: =IF(OR(43=28,$B$48<>1),"",$C$48) | AM48: =IF(OR(43=29,$B$48<>1),"",$C$48) | AN48: =IF(OR(43=30,$B$48<>1),"",$C$48) | AO48: =IF(OR(43=31,$B$48<>1),"",$C$48) | AP48: =IF(OR(43=32,$B$48<>1),"",$C$48) | AQ48: =IF(OR(43=33,$B$48<>1),"",$C$48) | AR48: =IF(OR(43=34,$B$48<>1),"",$C$48) | AS48: =IF(OR(43=35,$B$48<>1),"",$C$48) | AT48: =IF(OR(43=36,$B$48<>1),"",$C$48) | AU48: =IF(OR(43=37,$B$48<>1),"",$C$48) | AV48: =IF(OR(43=38,$B$48<>1),"",$C$48) | AW48: =IF(OR(43=39,$B$48<>1),"",$C$48) | AX48: =IF(OR(43=40,$B$48<>1),"",$C$48) | AY48: =IF(OR(43=41,$B$48<>1),"",$C$48) | AZ48: =IF(OR(43=42,$B$48<>1),"",$C$48) | BA48: =IF(OR(43=43,$B$48<>1),"",$C$48) | BB48: =IF(OR(43=44,$B$48<>1),"",$C$48) | BC48: =IF(OR(43=45,$B$48<>1),"",$C$48) | BD48: =IF(OR(43=46,$B$48<>1),"",$C$48) | BE48: =IF(OR(43=47,$B$48<>1),"",$C$48) | BF48: =IF(OR(43=48,$B$48<>1),"",$C$48) | BG48: =IF(OR(43=49,$B$48<>1),"",$C$48)
A49: =IF(Clients!A49="","",Clients!A49) | B49: =IF(A49="",0,IF(AND(Clients!K49=1,ISNUMBER(Clients!D49),ISNUMBER(INDEX(Clients!E49:J49,1,MATCH(Setup!$B$7,Clients!$E$4:$J$4,0)))),1,0)) | C49: =IF(B49=1,INDEX(Clients!E49:J49,1,MATCH(Setup!$B$7,Clients!$E$4:$J$4,0)),"") | D49: =IF(B49<>1,"",IF(COUNT(BB5:BB54)=0,"",MEDIAN(BB5:BB54))) | E49: =IF(B49=1,Clients!D49,"") | G49: =IF(AND(B49=1,ISNUMBER(F49)),F49-E49,"") | J49: =IF(OR(44=0,$B$49<>1),"",$C$49) | K49: =IF(OR(44=1,$B$49<>1),"",$C$49) | L49: =IF(OR(44=2,$B$49<>1),"",$C$49) | M49: =IF(OR(44=3,$B$49<>1),"",$C$49) | N49: =IF(OR(44=4,$B$49<>1),"",$C$49) | O49: =IF(OR(44=5,$B$49<>1),"",$C$49) | P49: =IF(OR(44=6,$B$49<>1),"",$C$49) | Q49: =IF(OR(44=7,$B$49<>1),"",$C$49) | R49: =IF(OR(44=8,$B$49<>1),"",$C$49) | S49: =IF(OR(44=9,$B$49<>1),"",$C$49) | T49: =IF(OR(44=10,$B$49<>1),"",$C$49) | U49: =IF(OR(44=11,$B$49<>1),"",$C$49) | V49: =IF(OR(44=12,$B$49<>1),"",$C$49) | W49: =IF(OR(44=13,$B$49<>1),"",$C$49) | X49: =IF(OR(44=14,$B$49<>1),"",$C$49) | Y49: =IF(OR(44=15,$B$49<>1),"",$C$49) | Z49: =IF(OR(44=16,$B$49<>1),"",$C$49) | AA49: =IF(OR(44=17,$B$49<>1),"",$C$49) | AB49: =IF(OR(44=18,$B$49<>1),"",$C$49) | AC49: =IF(OR(44=19,$B$49<>1),"",$C$49) | AD49: =IF(OR(44=20,$B$49<>1),"",$C$49) | AE49: =IF(OR(44=21,$B$49<>1),"",$C$49) | AF49: =IF(OR(44=22,$B$49<>1),"",$C$49) | AG49: =IF(OR(44=23,$B$49<>1),"",$C$49) | AH49: =IF(OR(44=24,$B$49<>1),"",$C$49) | AI49: =IF(OR(44=25,$B$49<>1),"",$C$49) | AJ49: =IF(OR(44=26,$B$49<>1),"",$C$49) | AK49: =IF(OR(44=27,$B$49<>1),"",$C$49) | AL49: =IF(OR(44=28,$B$49<>1),"",$C$49) | AM49: =IF(OR(44=29,$B$49<>1),"",$C$49) | AN49: =IF(OR(44=30,$B$49<>1),"",$C$49) | AO49: =IF(OR(44=31,$B$49<>1),"",$C$49) | AP49: =IF(OR(44=32,$B$49<>1),"",$C$49) | AQ49: =IF(OR(44=33,$B$49<>1),"",$C$49) | AR49: =IF(OR(44=34,$B$49<>1),"",$C$49) | AS49: =IF(OR(44=35,$B$49<>1),"",$C$49) | AT49: =IF(OR(44=36,$B$49<>1),"",$C$49) | AU49: =IF(OR(44=37,$B$49<>1),"",$C$49) | AV49: =IF(OR(44=38,$B$49<>1),"",$C$49) | AW49: =IF(OR(44=39,$B$49<>1),"",$C$49) | AX49: =IF(OR(44=40,$B$49<>1),"",$C$49) | AY49: =IF(OR(44=41,$B$49<>1),"",$C$49) | AZ49: =IF(OR(44=42,$B$49<>1),"",$C$49) | BA49: =IF(OR(44=43,$B$49<>1),"",$C$49) | BB49: =IF(OR(44=44,$B$49<>1),"",$C$49) | BC49: =IF(OR(44=45,$B$49<>1),"",$C$49) | BD49: =IF(OR(44=46,$B$49<>1),"",$C$49) | BE49: =IF(OR(44=47,$B$49<>1),"",$C$49) | BF49: =IF(OR(44=48,$B$49<>1),"",$C$49) | BG49: =IF(OR(44=49,$B$49<>1),"",$C$49)
A50: =IF(Clients!A50="","",Clients!A50) | B50: =IF(A50="",0,IF(AND(Clients!K50=1,ISNUMBER(Clients!D50),ISNUMBER(INDEX(Clients!E50:J50,1,MATCH(Setup!$B$7,Clients!$E$4:$J$4,0)))),1,0)) | C50: =IF(B50=1,INDEX(Clients!E50:J50,1,MATCH(Setup!$B$7,Clients!$E$4:$J$4,0)),"") | D50: =IF(B50<>1,"",IF(COUNT(BC5:BC54)=0,"",MEDIAN(BC5:BC54))) | E50: =IF(B50=1,Clients!D50,"") | G50: =IF(AND(B50=1,ISNUMBER(F50)),F50-E50,"") | J50: =IF(OR(45=0,$B$50<>1),"",$C$50) | K50: =IF(OR(45=1,$B$50<>1),"",$C$50) | L50: =IF(OR(45=2,$B$50<>1),"",$C$50) | M50: =IF(OR(45=3,$B$50<>1),"",$C$50) | N50: =IF(OR(45=4,$B$50<>1),"",$C$50) | O50: =IF(OR(45=5,$B$50<>1),"",$C$50) | P50: =IF(OR(45=6,$B$50<>1),"",$C$50) | Q50: =IF(OR(45=7,$B$50<>1),"",$C$50) | R50: =IF(OR(45=8,$B$50<>1),"",$C$50) | S50: =IF(OR(45=9,$B$50<>1),"",$C$50) | T50: =IF(OR(45=10,$B$50<>1),"",$C$50) | U50: =IF(OR(45=11,$B$50<>1),"",$C$50) | V50: =IF(OR(45=12,$B$50<>1),"",$C$50) | W50: =IF(OR(45=13,$B$50<>1),"",$C$50) | X50: =IF(OR(45=14,$B$50<>1),"",$C$50) | Y50: =IF(OR(45=15,$B$50<>1),"",$C$50) | Z50: =IF(OR(45=16,$B$50<>1),"",$C$50) | AA50: =IF(OR(45=17,$B$50<>1),"",$C$50) | AB50: =IF(OR(45=18,$B$50<>1),"",$C$50) | AC50: =IF(OR(45=19,$B$50<>1),"",$C$50) | AD50: =IF(OR(45=20,$B$50<>1),"",$C$50) | AE50: =IF(OR(45=21,$B$50<>1),"",$C$50) | AF50: =IF(OR(45=22,$B$50<>1),"",$C$50) | AG50: =IF(OR(45=23,$B$50<>1),"",$C$50) | AH50: =IF(OR(45=24,$B$50<>1),"",$C$50) | AI50: =IF(OR(45=25,$B$50<>1),"",$C$50) | AJ50: =IF(OR(45=26,$B$50<>1),"",$C$50) | AK50: =IF(OR(45=27,$B$50<>1),"",$C$50) | AL50: =IF(OR(45=28,$B$50<>1),"",$C$50) | AM50: =IF(OR(45=29,$B$50<>1),"",$C$50) | AN50: =IF(OR(45=30,$B$50<>1),"",$C$50) | AO50: =IF(OR(45=31,$B$50<>1),"",$C$50) | AP50: =IF(OR(45=32,$B$50<>1),"",$C$50) | AQ50: =IF(OR(45=33,$B$50<>1),"",$C$50) | AR50: =IF(OR(45=34,$B$50<>1),"",$C$50) | AS50: =IF(OR(45=35,$B$50<>1),"",$C$50) | AT50: =IF(OR(45=36,$B$50<>1),"",$C$50) | AU50: =IF(OR(45=37,$B$50<>1),"",$C$50) | AV50: =IF(OR(45=38,$B$50<>1),"",$C$50) | AW50: =IF(OR(45=39,$B$50<>1),"",$C$50) | AX50: =IF(OR(45=40,$B$50<>1),"",$C$50) | AY50: =IF(OR(45=41,$B$50<>1),"",$C$50) | AZ50: =IF(OR(45=42,$B$50<>1),"",$C$50) | BA50: =IF(OR(45=43,$B$50<>1),"",$C$50) | BB50: =IF(OR(45=44,$B$50<>1),"",$C$50) | BC50: =IF(OR(45=45,$B$50<>1),"",$C$50) | BD50: =IF(OR(45=46,$B$50<>1),"",$C$50) | BE50: =IF(OR(45=47,$B$50<>1),"",$C$50) | BF50: =IF(OR(45=48,$B$50<>1),"",$C$50) | BG50: =IF(OR(45=49,$B$50<>1),"",$C$50)
A51: =IF(Clients!A51="","",Clients!A51) | B51: =IF(A51="",0,IF(AND(Clients!K51=1,ISNUMBER(Clients!D51),ISNUMBER(INDEX(Clients!E51:J51,1,MATCH(Setup!$B$7,Clients!$E$4:$J$4,0)))),1,0)) | C51: =IF(B51=1,INDEX(Clients!E51:J51,1,MATCH(Setup!$B$7,Clients!$E$4:$J$4,0)),"") | D51: =IF(B51<>1,"",IF(COUNT(BD5:BD54)=0,"",MEDIAN(BD5:BD54))) | E51: =IF(B51=1,Clients!D51,"") | G51: =IF(AND(B51=1,ISNUMBER(F51)),F51-E51,"") | J51: =IF(OR(46=0,$B$51<>1),"",$C$51) | K51: =IF(OR(46=1,$B$51<>1),"",$C$51) | L51: =IF(OR(46=2,$B$51<>1),"",$C$51) | M51: =IF(OR(46=3,$B$51<>1),"",$C$51) | N51: =IF(OR(46=4,$B$51<>1),"",$C$51) | O51: =IF(OR(46=5,$B$51<>1),"",$C$51) | P51: =IF(OR(46=6,$B$51<>1),"",$C$51) | Q51: =IF(OR(46=7,$B$51<>1),"",$C$51) | R51: =IF(OR(46=8,$B$51<>1),"",$C$51) | S51: =IF(OR(46=9,$B$51<>1),"",$C$51) | T51: =IF(OR(46=10,$B$51<>1),"",$C$51) | U51: =IF(OR(46=11,$B$51<>1),"",$C$51) | V51: =IF(OR(46=12,$B$51<>1),"",$C$51) | W51: =IF(OR(46=13,$B$51<>1),"",$C$51) | X51: =IF(OR(46=14,$B$51<>1),"",$C$51) | Y51: =IF(OR(46=15,$B$51<>1),"",$C$51) | Z51: =IF(OR(46=16,$B$51<>1),"",$C$51) | AA51: =IF(OR(46=17,$B$51<>1),"",$C$51) | AB51: =IF(OR(46=18,$B$51<>1),"",$C$51) | AC51: =IF(OR(46=19,$B$51<>1),"",$C$51) | AD51: =IF(OR(46=20,$B$51<>1),"",$C$51) | AE51: =IF(OR(46=21,$B$51<>1),"",$C$51) | AF51: =IF(OR(46=22,$B$51<>1),"",$C$51) | AG51: =IF(OR(46=23,$B$51<>1),"",$C$51) | AH51: =IF(OR(46=24,$B$51<>1),"",$C$51) | AI51: =IF(OR(46=25,$B$51<>1),"",$C$51) | AJ51: =IF(OR(46=26,$B$51<>1),"",$C$51) | AK51: =IF(OR(46=27,$B$51<>1),"",$C$51) | AL51: =IF(OR(46=28,$B$51<>1),"",$C$51) | AM51: =IF(OR(46=29,$B$51<>1),"",$C$51) | AN51: =IF(OR(46=30,$B$51<>1),"",$C$51) | AO51: =IF(OR(46=31,$B$51<>1),"",$C$51) | AP51: =IF(OR(46=32,$B$51<>1),"",$C$51) | AQ51: =IF(OR(46=33,$B$51<>1),"",$C$51) | AR51: =IF(OR(46=34,$B$51<>1),"",$C$51) | AS51: =IF(OR(46=35,$B$51<>1),"",$C$51) | AT51: =IF(OR(46=36,$B$51<>1),"",$C$51) | AU51: =IF(OR(46=37,$B$51<>1),"",$C$51) | AV51: =IF(OR(46=38,$B$51<>1),"",$C$51) | AW51: =IF(OR(46=39,$B$51<>1),"",$C$51) | AX51: =IF(OR(46=40,$B$51<>1),"",$C$51) | AY51: =IF(OR(46=41,$B$51<>1),"",$C$51) | AZ51: =IF(OR(46=42,$B$51<>1),"",$C$51) | BA51: =IF(OR(46=43,$B$51<>1),"",$C$51) | BB51: =IF(OR(46=44,$B$51<>1),"",$C$51) | BC51: =IF(OR(46=45,$B$51<>1),"",$C$51) | BD51: =IF(OR(46=46,$B$51<>1),"",$C$51) | BE51: =IF(OR(46=47,$B$51<>1),"",$C$51) | BF51: =IF(OR(46=48,$B$51<>1),"",$C$51) | BG51: =IF(OR(46=49,$B$51<>1),"",$C$51)
A52: =IF(Clients!A52="","",Clients!A52) | B52: =IF(A52="",0,IF(AND(Clients!K52=1,ISNUMBER(Clients!D52),ISNUMBER(INDEX(Clients!E52:J52,1,MATCH(Setup!$B$7,Clients!$E$4:$J$4,0)))),1,0)) | C52: =IF(B52=1,INDEX(Clients!E52:J52,1,MATCH(Setup!$B$7,Clients!$E$4:$J$4,0)),"") | D52: =IF(B52<>1,"",IF(COUNT(BE5:BE54)=0,"",MEDIAN(BE5:BE54))) | E52: =IF(B52=1,Clients!D52,"") | G52: =IF(AND(B52=1,ISNUMBER(F52)),F52-E52,"") | J52: =IF(OR(47=0,$B$52<>1),"",$C$52) | K52: =IF(OR(47=1,$B$52<>1),"",$C$52) | L52: =IF(OR(47=2,$B$52<>1),"",$C$52) | M52: =IF(OR(47=3,$B$52<>1),"",$C$52) | N52: =IF(OR(47=4,$B$52<>1),"",$C$52) | O52: =IF(OR(47=5,$B$52<>1),"",$C$52) | P52: =IF(OR(47=6,$B$52<>1),"",$C$52) | Q52: =IF(OR(47=7,$B$52<>1),"",$C$52) | R52: =IF(OR(47=8,$B$52<>1),"",$C$52) | S52: =IF(OR(47=9,$B$52<>1),"",$C$52) | T52: =IF(OR(47=10,$B$52<>1),"",$C$52) | U52: =IF(OR(47=11,$B$52<>1),"",$C$52) | V52: =IF(OR(47=12,$B$52<>1),"",$C$52) | W52: =IF(OR(47=13,$B$52<>1),"",$C$52) | X52: =IF(OR(47=14,$B$52<>1),"",$C$52) | Y52: =IF(OR(47=15,$B$52<>1),"",$C$52) | Z52: =IF(OR(47=16,$B$52<>1),"",$C$52) | AA52: =IF(OR(47=17,$B$52<>1),"",$C$52) | AB52: =IF(OR(47=18,$B$52<>1),"",$C$52) | AC52: =IF(OR(47=19,$B$52<>1),"",$C$52) | AD52: =IF(OR(47=20,$B$52<>1),"",$C$52) | AE52: =IF(OR(47=21,$B$52<>1),"",$C$52) | AF52: =IF(OR(47=22,$B$52<>1),"",$C$52) | AG52: =IF(OR(47=23,$B$52<>1),"",$C$52) | AH52: =IF(OR(47=24,$B$52<>1),"",$C$52) | AI52: =IF(OR(47=25,$B$52<>1),"",$C$52) | AJ52: =IF(OR(47=26,$B$52<>1),"",$C$52) | AK52: =IF(OR(47=27,$B$52<>1),"",$C$52) | AL52: =IF(OR(47=28,$B$52<>1),"",$C$52) | AM52: =IF(OR(47=29,$B$52<>1),"",$C$52) | AN52: =IF(OR(47=30,$B$52<>1),"",$C$52) | AO52: =IF(OR(47=31,$B$52<>1),"",$C$52) | AP52: =IF(OR(47=32,$B$52<>1),"",$C$52) | AQ52: =IF(OR(47=33,$B$52<>1),"",$C$52) | AR52: =IF(OR(47=34,$B$52<>1),"",$C$52) | AS52: =IF(OR(47=35,$B$52<>1),"",$C$52) | AT52: =IF(OR(47=36,$B$52<>1),"",$C$52) | AU52: =IF(OR(47=37,$B$52<>1),"",$C$52) | AV52: =IF(OR(47=38,$B$52<>1),"",$C$52) | AW52: =IF(OR(47=39,$B$52<>1),"",$C$52) | AX52: =IF(OR(47=40,$B$52<>1),"",$C$52) | AY52: =IF(OR(47=41,$B$52<>1),"",$C$52) | AZ52: =IF(OR(47=42,$B$52<>1),"",$C$52) | BA52: =IF(OR(47=43,$B$52<>1),"",$C$52) | BB52: =IF(OR(47=44,$B$52<>1),"",$C$52) | BC52: =IF(OR(47=45,$B$52<>1),"",$C$52) | BD52: =IF(OR(47=46,$B$52<>1),"",$C$52) | BE52: =IF(OR(47=47,$B$52<>1),"",$C$52) | BF52: =IF(OR(47=48,$B$52<>1),"",$C$52) | BG52: =IF(OR(47=49,$B$52<>1),"",$C$52)
A53: =IF(Clients!A53="","",Clients!A53) | B53: =IF(A53="",0,IF(AND(Clients!K53=1,ISNUMBER(Clients!D53),ISNUMBER(INDEX(Clients!E53:J53,1,MATCH(Setup!$B$7,Clients!$E$4:$J$4,0)))),1,0)) | C53: =IF(B53=1,INDEX(Clients!E53:J53,1,MATCH(Setup!$B$7,Clients!$E$4:$J$4,0)),"") | D53: =IF(B53<>1,"",IF(COUNT(BF5:BF54)=0,"",MEDIAN(BF5:BF54))) | E53: =IF(B53=1,Clients!D53,"") | G53: =IF(AND(B53=1,ISNUMBER(F53)),F53-E53,"") | J53: =IF(OR(48=0,$B$53<>1),"",$C$53) | K53: =IF(OR(48=1,$B$53<>1),"",$C$53) | L53: =IF(OR(48=2,$B$53<>1),"",$C$53) | M53: =IF(OR(48=3,$B$53<>1),"",$C$53) | N53: =IF(OR(48=4,$B$53<>1),"",$C$53) | O53: =IF(OR(48=5,$B$53<>1),"",$C$53) | P53: =IF(OR(48=6,$B$53<>1),"",$C$53) | Q53: =IF(OR(48=7,$B$53<>1),"",$C$53) | R53: =IF(OR(48=8,$B$53<>1),"",$C$53) | S53: =IF(OR(48=9,$B$53<>1),"",$C$53) | T53: =IF(OR(48=10,$B$53<>1),"",$C$53) | U53: =IF(OR(48=11,$B$53<>1),"",$C$53) | V53: =IF(OR(48=12,$B$53<>1),"",$C$53) | W53: =IF(OR(48=13,$B$53<>1),"",$C$53) | X53: =IF(OR(48=14,$B$53<>1),"",$C$53) | Y53: =IF(OR(48=15,$B$53<>1),"",$C$53) | Z53: =IF(OR(48=16,$B$53<>1),"",$C$53) | AA53: =IF(OR(48=17,$B$53<>1),"",$C$53) | AB53: =IF(OR(48=18,$B$53<>1),"",$C$53) | AC53: =IF(OR(48=19,$B$53<>1),"",$C$53) | AD53: =IF(OR(48=20,$B$53<>1),"",$C$53) | AE53: =IF(OR(48=21,$B$53<>1),"",$C$53) | AF53: =IF(OR(48=22,$B$53<>1),"",$C$53) | AG53: =IF(OR(48=23,$B$53<>1),"",$C$53) | AH53: =IF(OR(48=24,$B$53<>1),"",$C$53) | AI53: =IF(OR(48=25,$B$53<>1),"",$C$53) | AJ53: =IF(OR(48=26,$B$53<>1),"",$C$53) | AK53: =IF(OR(48=27,$B$53<>1),"",$C$53) | AL53: =IF(OR(48=28,$B$53<>1),"",$C$53) | AM53: =IF(OR(48=29,$B$53<>1),"",$C$53) | AN53: =IF(OR(48=30,$B$53<>1),"",$C$53) | AO53: =IF(OR(48=31,$B$53<>1),"",$C$53) | AP53: =IF(OR(48=32,$B$53<>1),"",$C$53) | AQ53: =IF(OR(48=33,$B$53<>1),"",$C$53) | AR53: =IF(OR(48=34,$B$53<>1),"",$C$53) | AS53: =IF(OR(48=35,$B$53<>1),"",$C$53) | AT53: =IF(OR(48=36,$B$53<>1),"",$C$53) | AU53: =IF(OR(48=37,$B$53<>1),"",$C$53) | AV53: =IF(OR(48=38,$B$53<>1),"",$C$53) | AW53: =IF(OR(48=39,$B$53<>1),"",$C$53) | AX53: =IF(OR(48=40,$B$53<>1),"",$C$53) | AY53: =IF(OR(48=41,$B$53<>1),"",$C$53) | AZ53: =IF(OR(48=42,$B$53<>1),"",$C$53) | BA53: =IF(OR(48=43,$B$53<>1),"",$C$53) | BB53: =IF(OR(48=44,$B$53<>1),"",$C$53) | BC53: =IF(OR(48=45,$B$53<>1),"",$C$53) | BD53: =IF(OR(48=46,$B$53<>1),"",$C$53) | BE53: =IF(OR(48=47,$B$53<>1),"",$C$53) | BF53: =IF(OR(48=48,$B$53<>1),"",$C$53) | BG53: =IF(OR(48=49,$B$53<>1),"",$C$53)
A54: =IF(Clients!A54="","",Clients!A54) | B54: =IF(A54="",0,IF(AND(Clients!K54=1,ISNUMBER(Clients!D54),ISNUMBER(INDEX(Clients!E54:J54,1,MATCH(Setup!$B$7,Clients!$E$4:$J$4,0)))),1,0)) | C54: =IF(B54=1,INDEX(Clients!E54:J54,1,MATCH(Setup!$B$7,Clients!$E$4:$J$4,0)),"") | D54: =IF(B54<>1,"",IF(COUNT(BG5:BG54)=0,"",MEDIAN(BG5:BG54))) | E54: =IF(B54=1,Clients!D54,"") | G54: =IF(AND(B54=1,ISNUMBER(F54)),F54-E54,"") | J54: =IF(OR(49=0,$B$54<>1),"",$C$54) | K54: =IF(OR(49=1,$B$54<>1),"",$C$54) | L54: =IF(OR(49=2,$B$54<>1),"",$C$54) | M54: =IF(OR(49=3,$B$54<>1),"",$C$54) | N54: =IF(OR(49=4,$B$54<>1),"",$C$54) | O54: =IF(OR(49=5,$B$54<>1),"",$C$54) | P54: =IF(OR(49=6,$B$54<>1),"",$C$54) | Q54: =IF(OR(49=7,$B$54<>1),"",$C$54) | R54: =IF(OR(49=8,$B$54<>1),"",$C$54) | S54: =IF(OR(49=9,$B$54<>1),"",$C$54) | T54: =IF(OR(49=10,$B$54<>1),"",$C$54) | U54: =IF(OR(49=11,$B$54<>1),"",$C$54) | V54: =IF(OR(49=12,$B$54<>1),"",$C$54) | W54: =IF(OR(49=13,$B$54<>1),"",$C$54) | X54: =IF(OR(49=14,$B$54<>1),"",$C$54) | Y54: =IF(OR(49=15,$B$54<>1),"",$C$54) | Z54: =IF(OR(49=16,$B$54<>1),"",$C$54) | AA54: =IF(OR(49=17,$B$54<>1),"",$C$54) | AB54: =IF(OR(49=18,$B$54<>1),"",$C$54) | AC54: =IF(OR(49=19,$B$54<>1),"",$C$54) | AD54: =IF(OR(49=20,$B$54<>1),"",$C$54) | AE54: =IF(OR(49=21,$B$54<>1),"",$C$54) | AF54: =IF(OR(49=22,$B$54<>1),"",$C$54) | AG54: =IF(OR(49=23,$B$54<>1),"",$C$54) | AH54: =IF(OR(49=24,$B$54<>1),"",$C$54) | AI54: =IF(OR(49=25,$B$54<>1),"",$C$54) | AJ54: =IF(OR(49=26,$B$54<>1),"",$C$54) | AK54: =IF(OR(49=27,$B$54<>1),"",$C$54) | AL54: =IF(OR(49=28,$B$54<>1),"",$C$54) | AM54: =IF(OR(49=29,$B$54<>1),"",$C$54) | AN54: =IF(OR(49=30,$B$54<>1),"",$C$54) | AO54: =IF(OR(49=31,$B$54<>1),"",$C$54) | AP54: =IF(OR(49=32,$B$54<>1),"",$C$54) | AQ54: =IF(OR(49=33,$B$54<>1),"",$C$54) | AR54: =IF(OR(49=34,$B$54<>1),"",$C$54) | AS54: =IF(OR(49=35,$B$54<>1),"",$C$54) | AT54: =IF(OR(49=36,$B$54<>1),"",$C$54) | AU54: =IF(OR(49=37,$B$54<>1),"",$C$54) | AV54: =IF(OR(49=38,$B$54<>1),"",$C$54) | AW54: =IF(OR(49=39,$B$54<>1),"",$C$54) | AX54: =IF(OR(49=40,$B$54<>1),"",$C$54) | AY54: =IF(OR(49=41,$B$54<>1),"",$C$54) | AZ54: =IF(OR(49=42,$B$54<>1),"",$C$54) | BA54: =IF(OR(49=43,$B$54<>1),"",$C$54) | BB54: =IF(OR(49=44,$B$54<>1),"",$C$54) | BC54: =IF(OR(49=45,$B$54<>1),"",$C$54) | BD54: =IF(OR(49=46,$B$54<>1),"",$C$54) | BE54: =IF(OR(49=47,$B$54<>1),"",$C$54) | BF54: =IF(OR(49=48,$B$54<>1),"",$C$54) | BG54: =IF(OR(49=49,$B$54<>1),"",$C$54)
A57: folds (usable clients) | B57: =SUM(B5:B54)
A58: folds with new fitness entered | B58: =COUNT(G5:G54)
A59: mean delta | B59: =IF(B58=0,"",AVERAGE(G5:G54))
A60: VALIDATED (>=2 folds and mean delta <= tolerance) | B60: =AND(B57>=2,B58=B57,ISNUMBER(B59),N(B59)<=Setup!B8)

Sheet Skills
A1: find_recurring_skills: list (client, generated skill folder) pairs
A4: client path | B4: skill folder name | C4: client type (lookup) | D4: of chosen type? | E4: support for this name | F4: candidate?
C5: =IF(A5="","",IFERROR(INDEX(Clients!$B$5:$B$54,MATCH(A5,Clients!$A$5:$A$54,0)),"unknown")) | D5: =IF(OR(A5="",B5="",Setup!$B$4=""),0,IF(C5=Setup!$B$4,1,0)) | E5: =IF(D5=1,SUMPRODUCT(($B$5:$B$304=B5)*($D$5:$D$304=1)),"") | F5: =IF(D5=1,E5>=Setup!$B$5,"")
C6: =IF(A6="","",IFERROR(INDEX(Clients!$B$5:$B$54,MATCH(A6,Clients!$A$5:$A$54,0)),"unknown")) | D6: =IF(OR(A6="",B6="",Setup!$B$4=""),0,IF(C6=Setup!$B$4,1,0)) | E6: =IF(D6=1,SUMPRODUCT(($B$5:$B$304=B6)*($D$5:$D$304=1)),"") | F6: =IF(D6=1,E6>=Setup!$B$5,"")
C7: =IF(A7="","",IFERROR(INDEX(Clients!$B$5:$B$54,MATCH(A7,Clients!$A$5:$A$54,0)),"unknown")) | D7: =IF(OR(A7="",B7="",Setup!$B$4=""),0,IF(C7=Setup!$B$4,1,0)) | E7: =IF(D7=1,SUMPRODUCT(($B$5:$B$304=B7)*($D$5:$D$304=1)),"") | F7: =IF(D7=1,E7>=Setup!$B$5,"")
C8: =IF(A8="","",IFERROR(INDEX(Clients!$B$5:$B$54,MATCH(A8,Clients!$A$5:$A$54,0)),"unknown")) | D8: =IF(OR(A8="",B8="",Setup!$B$4=""),0,IF(C8=Setup!$B$4,1,0)) | E8: =IF(D8=1,SUMPRODUCT(($B$5:$B$304=B8)*($D$5:$D$304=1)),"") | F8: =IF(D8=1,E8>=Setup!$B$5,"")
C9: =IF(A9="","",IFERROR(INDEX(Clients!$B$5:$B$54,MATCH(A9,Clients!$A$5:$A$54,0)),"unknown")) | D9: =IF(OR(A9="",B9="",Setup!$B$4=""),0,IF(C9=Setup!$B$4,1,0)) | E9: =IF(D9=1,SUMPRODUCT(($B$5:$B$304=B9)*($D$5:$D$304=1)),"") | F9: =IF(D9=1,E9>=Setup!$B$5,"")
C10: =IF(A10="","",IFERROR(INDEX(Clients!$B$5:$B$54,MATCH(A10,Clients!$A$5:$A$54,0)),"unknown")) | D10: =IF(OR(A10="",B10="",Setup!$B$4=""),0,IF(C10=Setup!$B$4,1,0)) | E10: =IF(D10=1,SUMPRODUCT(($B$5:$B$304=B10)*($D$5:$D$304=1)),"") | F10: =IF(D10=1,E10>=Setup!$B$5,"")
C11: =IF(A11="","",IFERROR(INDEX(Clients!$B$5:$B$54,MATCH(A11,Clients!$A$5:$A$54,0)),"unknown")) | D11: =IF(OR(A11="",B11="",Setup!$B$4=""),0,IF(C11=Setup!$B$4,1,0)) | E11: =IF(D11=1,SUMPRODUCT(($B$5:$B$304=B11)*($D$5:$D$304=1)),"") | F11: =IF(D11=1,E11>=Setup!$B$5,"")
C12: =IF(A12="","",IFERROR(INDEX(Clients!$B$5:$B$54,MATCH(A12,Clients!$A$5:$A$54,0)),"unknown")) | D12: =IF(OR(A12="",B12="",Setup!$B$4=""),0,IF(C12=Setup!$B$4,1,0)) | E12: =IF(D12=1,SUMPRODUCT(($B$5:$B$304=B12)*($D$5:$D$304=1)),"") | F12: =IF(D12=1,E12>=Setup!$B$5,"")
C13: =IF(A13="","",IFERROR(INDEX(Clients!$B$5:$B$54,MATCH(A13,Clients!$A$5:$A$54,0)),"unknown")) | D13: =IF(OR(A13="",B13="",Setup!$B$4=""),0,IF(C13=Setup!$B$4,1,0)) | E13: =IF(D13=1,SUMPRODUCT(($B$5:$B$304=B13)*($D$5:$D$304=1)),"") | F13: =IF(D13=1,E13>=Setup!$B$5,"")
C14: =IF(A14="","",IFERROR(INDEX(Clients!$B$5:$B$54,MATCH(A14,Clients!$A$5:$A$54,0)),"unknown")) | D14: =IF(OR(A14="",B14="",Setup!$B$4=""),0,IF(C14=Setup!$B$4,1,0)) | E14: =IF(D14=1,SUMPRODUCT(($B$5:$B$304=B14)*($D$5:$D$304=1)),"") | F14: =IF(D14=1,E14>=Setup!$B$5,"")
C15: =IF(A15="","",IFERROR(INDEX(Clients!$B$5:$B$54,MATCH(A15,Clients!$A$5:$A$54,0)),"unknown")) | D15: =IF(OR(A15="",B15="",Setup!$B$4=""),0,IF(C15=Setup!$B$4,1,0)) | E15: =IF(D15=1,SUMPRODUCT(($B$5:$B$304=B15)*($D$5:$D$304=1)),"") | F15: =IF(D15=1,E15>=Setup!$B$5,"")
C16: =IF(A16="","",IFERROR(INDEX(Clients!$B$5:$B$54,MATCH(A16,Clients!$A$5:$A$54,0)),"unknown")) | D16: =IF(OR(A16="",B16="",Setup!$B$4=""),0,IF(C16=Setup!$B$4,1,0)) | E16: =IF(D16=1,SUMPRODUCT(($B$5:$B$304=B16)*($D$5:$D$304=1)),"") | F16: =IF(D16=1,E16>=Setup!$B$5,"")
... C304: =IF(A304="","",IFERROR(INDEX(Clients!$B$5:$B$54,MATCH(A304,Clients!$A$5:$A$54,0)),"unknown")) | D304: =IF(OR(A304="",B304="",Setup!$B$4=""),0,IF(C304=Setup!$B$4,1,0)) | E304: =IF(D304=1,SUMPRODUCT(($B$5:$B$304=B304)*($D$5:$D$304=1)),"") | F304: =IF(D304=1,E304>=Setup!$B$5,"")
